5268,KULM WMD,DAKOTA LAKE NATIONAL WILDLIFE REFUGE,Dakota Lake National Wildlife Refuge,NWR,Easement,F,67.7652976,3.1860329044356e-005,0.0286390744971874
5269,KULM WMD,DAKOTA LAKE NATIONAL WILDLIFE REFUGE,Dakota Lake National Wildlife Refuge,NWR,Easement,F,81.29466431,3.82190145576585e-005,0.0311864646131226
5270,KULM WMD,DAKOTA LAKE NATIONAL WILDLIFE REFUGE,Dakota Lake National Wildlife Refuge,NWR,Easement,F,105.89308389,4.978805786337e-005,0.0377982330332617
5271,KULM WMD,DAKOTA LAKE NATIONAL WILDLIFE REFUGE,Dakota Lake National Wildlife Refuge,NWR,Easement,F,56.30350919,2.64689844504615e-005,0.0222170363915742
5272,KULM WMD,DAKOTA LAKE NATIONAL WILDLIFE REFUGE,Dakota Lake National Wildlife Refuge,NWR,Easement,F,155.3750542,7.3042079184059e-005,0.0509198885653676
5273,KULM WMD,DAKOTA LAKE NATIONAL WILDLIFE REFUGE,Dakota Lake National Wildlife Refuge,NWR,Easement,F,155.98009957,7.3328325998944e-005,0.034207589095956
5274,KULM WMD,DAKOTA LAKE NATIONAL WILDLIFE REFUGE,Dakota Lake National Wildlife Refuge,NWR,Easement,F,109.81936281,5.161999870008e-005,0.0350040933937495
5275,KULM WMD,DAKOTA LAKE NATIONAL WILDLIFE REFUGE,Dakota Lake National Wildlife Refuge,NWR,Easement,F,49.94631837,2.3473487421461e-005,0.0204178755905935
5276,KULM WMD,DAKOTA LAKE NATIONAL WILDLIFE REFUGE,Dakota Lake National Wildlife Refuge,NWR,Easement,F,92.40594754,4.34304687902585e-005,0.0321022998372705
5277,KULM WMD,DAKOTA LAKE NATIONAL WILDLIFE REFUGE,Dakota Lake National Wildlife Refuge,NWR,Easement,F,156.98974872,7.376043631997e-005,0.0418800328761299
5278,KULM WMD,DAKOTA LAKE NATIONAL WILDLIFE REFUGE,Dakota Lake National Wildlife Refuge,NWR,Easement,F,204.21861805,9.5912265748838e-005,0.077469510722497
5279,KULM WMD,DAKOTA LAKE NATIONAL WILDLIFE REFUGE,Dakota Lake National Wildlife Refuge,NWR,Easement,F,124.16856804,5.8312707069429e-005,0.0311577801653342
5280,VALLEY CITY WMD,STONEY SLOUGH NATIONAL WILDLIFE REFUGE,Stoney Slough National Wildlife Refuge,NWR,Easement, ,161.32596769,7.6839689596314e-005,0.0356633793604404
5281,VALLEY CITY WMD,STONEY SLOUGH NATIONAL WILDLIFE REFUGE,Stoney Slough National Wildlife Refuge,NWR,Easement, ,160.78469113,7.6569722505726e-005,0.0494394876177754
5282,VALLEY CITY WMD,STONEY SLOUGH NATIONAL WILDLIFE REFUGE,Stoney Slough National Wildlife Refuge,NWR,Easement, ,159.38021694,7.58935610550345e-005,0.0354619728106773
5283,VALLEY CITY WMD,STONEY SLOUGH NATIONAL WILDLIFE REFUGE,Stoney Slough National Wildlife Refuge,NWR,Easement, ,160.95875061,7.6645118073517e-005,0.0356531500530563
5111,TEWAUKON WMD,STORM LAKE NATIONAL WILDLIFE REFUGE,Storm Lake National Wildlife Refuge,NWR,Easement, ,6.62985189,3.130322583401e-006,0.0392306989259241
5112,TEWAUKON WMD,STORM LAKE NATIONAL WILDLIFE REFUGE,Storm Lake National Wildlife Refuge,NWR,Easement, ,75.14408088,3.5479459795476e-005,0.0278122047381637
5113,TEWAUKON WMD,STORM LAKE NATIONAL WILDLIFE REFUGE,Storm Lake National Wildlife Refuge,NWR,Easement, ,3.55840651,1.6801878417375e-006,0.00751375140800267
5114,TEWAUKON WMD,STORM LAKE NATIONAL WILDLIFE REFUGE,Storm Lake National Wildlife Refuge,NWR,Easement, ,2.16344328,1.021487059299e-006,0.00458480300768413
5115,TEWAUKON WMD,STORM LAKE NATIONAL WILDLIFE REFUGE,Storm Lake National Wildlife Refuge,NWR,Easement, ,12.0351508,5.6823253545325e-006,0.00992046026950598
5116,TEWAUKON WMD,STORM LAKE NATIONAL WILDLIFE REFUGE,Storm Lake National Wildlife Refuge,NWR,Easement, ,3.30000158,1.5582710176835e-006,0.021553845745122
5117,DEVILS LAKE WMD,ARDOCH NATIONAL WILDLIFE REFUGE,Ardoch National Wildlife Refuge,NWR,Owned, ,90.06587176,4.4122430335125e-005,0.0479483996121732
5118,DEVILS LAKE WMD,ARDOCH NATIONAL WILDLIFE REFUGE,Ardoch National Wildlife Refuge,NWR,Owned, ,54.9669237,2.69316719045775e-005,0.0388285169689089
5119,DEVILS LAKE WMD,ARDOCH NATIONAL WILDLIFE REFUGE,Ardoch National Wildlife Refuge,NWR,Owned, ,170.80597237,8.37180290626535e-005,0.0603390200806392
5120,ARROWWOOD COMPLEX,ARROWWOOD NATIONAL WILDLIFE REFUGE,Arrowwood National Wildlife Refuge,NWR,Owned, ,115.21866154,5.5488229321344e-005,0.0314338549197711
5121,ARROWWOOD COMPLEX,ARROWWOOD NATIONAL WILDLIFE REFUGE,Arrowwood National Wildlife Refuge,NWR,Owned, ,15871.09169352,0.0076283533201914,0.791051849813326
5122,VALLEY CITY WMD,SIBLEY LAKE NATIONAL WILDLIFE REFUGE,Sibley Lake National Wildlife Refuge,NWR,Easement, ,992.50168305,0.000479686005793499,0.113752803260375
5127,ARROWWOOD COMPLEX,JOHNSON LAKE NATIONAL WILDLIFE REFUGE,Johnson Lake National Wildlife Refuge,NWR,Easement, ,160.64668651,7.7849629763692e-005,0.0359840773213694
5128,ARROWWOOD COMPLEX,JOHNSON LAKE NATIONAL WILDLIFE REFUGE,Johnson Lake National Wildlife Refuge,NWR,Easement,17B,131.29354072,6.3631696454834e-005,0.0341301380539029
5123,ARROWWOOD COMPLEX,JOHNSON LAKE NATIONAL WILDLIFE REFUGE,Johnson Lake National Wildlife Refuge,NWR,Easement,17B,811.36158366,0.000393343433904769,0.0870099133908717
5124,ARROWWOOD COMPLEX,JOHNSON LAKE NATIONAL WILDLIFE REFUGE,Johnson Lake National Wildlife Refuge,NWR,Easement,17B,191.84816854,9.2975103272188e-005,0.0453476903542488
5125,ARROWWOOD COMPLEX,JOHNSON LAKE NATIONAL WILDLIFE REFUGE,Johnson Lake National Wildlife Refuge,NWR,Easement, ,79.28624436,3.84166312821415e-005,0.0250901422555253
5126,ARROWWOOD COMPLEX,JOHNSON LAKE NATIONAL WILDLIFE REFUGE,Johnson Lake National Wildlife Refuge,NWR,Easement, ,160.35466345,7.7696109461547e-005,0.035948367129862
5129,ARROWWOOD COMPLEX,JOHNSON LAKE NATIONAL WILDLIFE REFUGE,Johnson Lake National Wildlife Refuge,NWR,Easement,17B,154.20272872,7.4775002483914e-005,0.0372095400404039
5130,ARROWWOOD COMPLEX,JOHNSON LAKE NATIONAL WILDLIFE REFUGE,Johnson Lake National Wildlife Refuge,NWR,Owned, ,4.8021429,2.328495069644e-006,0.007302632801133
5131,ARROWWOOD COMPLEX,JOHNSON LAKE NATIONAL WILDLIFE REFUGE,Johnson Lake National Wildlife Refuge,NWR,Easement,17B,309.52232829,0.000150041114074869,0.0496956645818757
5132,DEVILS LAKE WMD,LAMBS LAKE NATIONAL WILDLIFE REFUGE,Lambs Lake National Wildlife Refuge,NWR,Easement,F,78.41868655,3.8199436160618e-005,0.025077605018492
5133,DEVILS LAKE WMD,LAMBS LAKE NATIONAL WILDLIFE REFUGE,Lambs Lake National Wildlife Refuge,NWR,Easement,F,319.19053622,0.000155474150759177,0.0504648115812325
5134,DEVILS LAKE WMD,LAMBS LAKE NATIONAL WILDLIFE REFUGE,Lambs Lake National Wildlife Refuge,NWR,Easement,F,161.48455887,7.8673628501831e-005,0.0361468529510627
5135,DEVILS LAKE WMD,LAMBS LAKE NATIONAL WILDLIFE REFUGE,Lambs Lake National Wildlife Refuge,NWR,Easement,F,160.54638889,7.8217262096184e-005,0.0360585940076933
5136,DEVILS LAKE WMD,LAMBS LAKE NATIONAL WILDLIFE REFUGE,Lambs Lake National Wildlife Refuge,NWR,Easement,F,161.29500055,7.85696835573285e-005,0.0361497659187886
5137,DEVILS LAKE WMD,LAMBS LAKE NATIONAL WILDLIFE REFUGE,Lambs Lake National Wildlife Refuge,NWR,Easement,F,160.44996769,7.8147182558009e-005,0.0361630834042802
5138,DEVILS LAKE WMD,LAMBS LAKE NATIONAL WILDLIFE REFUGE,Lambs Lake National Wildlife Refuge,NWR,Easement,F,120.37565115,5.8637604036549e-005,0.0365916414533788
5139,DEVILS LAKE WMD,LAMBS LAKE NATIONAL WILDLIFE REFUGE,Lambs Lake National Wildlife Refuge,NWR,Easement,F,44.27559482,2.1568395033853e-005,0.0190493977174766
5140,DEVILS LAKE WMD,LAMBS LAKE NATIONAL WILDLIFE REFUGE,Lambs Lake National Wildlife Refuge,NWR,Easement,F,8.33634376,4.060383080929e-006,0.0137313062552349
5141,DEVILS LAKE WMD,LITTLE GOOSE NATIONAL WILDLIFE REFUGE,Little Goose National Wildlife Refuge,NWR,Easement, ,39.59030356,1.9284657903867e-005,0.0179425372570939
5142,DEVILS LAKE WMD,LITTLE GOOSE NATIONAL WILDLIFE REFUGE,Little Goose National Wildlife Refuge,NWR,Easement, ,87.78985594,4.2758111542292e-005,0.0280315821435562
5143,DEVILS LAKE WMD,LITTLE GOOSE NATIONAL WILDLIFE REFUGE,Little Goose National Wildlife Refuge,NWR,Easement, ,159.88704898,7.7873854721158e-005,0.0360173397061258
5144,DEVILS LAKE WMD,KELLYS SLOUGH NATIONAL WILDLIFE REFUGE,Kellys Slough National Wildlife Refuge,NWR,Easement, ,75.11655401,3.66264526919875e-005,0.0243919033057095
5145,DEVILS LAKE WMD,KELLYS SLOUGH NATIONAL WILDLIFE REFUGE,Kellys Slough National Wildlife Refuge,NWR,Easement, ,142.92731033,6.9688001534903e-005,0.0618016011898622
5146,DEVILS LAKE WMD,KELLYS SLOUGH NATIONAL WILDLIFE REFUGE,Kellys Slough National Wildlife Refuge,NWR,Easement, ,79.64735637,3.8829030512994e-005,0.0287544747198819
5147,DEVILS LAKE WMD,KELLYS SLOUGH NATIONAL WILDLIFE REFUGE,Kellys Slough National Wildlife Refuge,NWR,Easement, ,131.26068908,6.3986500045482e-005,0.0403187466620157
5148,DEVILS LAKE WMD,KELLYS SLOUGH NATIONAL WILDLIFE REFUGE,Kellys Slough National Wildlife Refuge,NWR,Easement, ,8.49983181,4.1433950889855e-006,0.0127461119470667
5149,DEVILS LAKE WMD,KELLYS SLOUGH NATIONAL WILDLIFE REFUGE,Kellys Slough National Wildlife Refuge,NWR,Easement, ,156.38082452,7.62239122495555e-005,0.0355998437570691
5150,DEVILS LAKE WMD,ARDOCH NATIONAL WILDLIFE REFUGE,Ardoch National Wildlife Refuge,NWR,Easement, ,594.35932684,0.00029132550758758,0.125708965097058
5151,DEVILS LAKE WMD,ARDOCH NATIONAL WILDLIFE REFUGE,Ardoch National Wildlife Refuge,NWR,Easement, ,823.70858946,0.000403603606611395,0.102855524648495
5152,DEVILS LAKE WMD,ARDOCH NATIONAL WILDLIFE REFUGE,Ardoch National Wildlife Refuge,NWR,Easement, ,53.85471982,2.63927005310485e-005,0.0272030297021339
5153,DEVILS LAKE WMD,ARDOCH NATIONAL WILDLIFE REFUGE,Ardoch National Wildlife Refuge,NWR,Easement, ,224.33859267,0.000109930923874684,0.0600846192809578
5154,DEVILS LAKE WMD,ARDOCH NATIONAL WILDLIFE REFUGE,Ardoch National Wildlife Refuge,NWR,Easement, ,26.53999681,1.30054980502135e-005,0.0143207165834979
5155,DEVILS LAKE WMD,ARDOCH NATIONAL WILDLIFE REFUGE,Ardoch National Wildlife Refuge,NWR,Easement, ,41.05945014,2.0119272471367e-005,0.0231735426122617
5156,DEVILS LAKE WMD,ARDOCH NATIONAL WILDLIFE REFUGE,Ardoch National Wildlife Refuge,NWR,Easement, ,545.6603709,0.000267278248048423,0.0910189953805428
5157,DEVILS LAKE WMD,ARDOCH NATIONAL WILDLIFE REFUGE,Ardoch National Wildlife Refuge,NWR,Easement, ,3.2826666,1.6081973667345e-006,0.00564334476664225
5158,DEVILS LAKE WMD,ARDOCH NATIONAL WILDLIFE REFUGE,Ardoch National Wildlife Refuge,NWR,Easement, ,126.01112508,6.1724029567838e-005,0.0383438520267461
5159,DEVILS LAKE WMD,ROSE LAKE NATIONAL WILDLIFE REFUGE,Rose Lake National Wildlife Refuge,NWR,Easement,F,81.36483445,3.96818645780485e-005,0.0348419921773302
5160,DEVILS LAKE WMD,SILVER LAKE NATIONAL WILDLIFE REFUGE,Silver Lake National Wildlife Refuge,NWR,Easement, ,286.34933826,0.000140350323678964,0.0620172346844645
5161,DEVILS LAKE WMD,SILVER LAKE NATIONAL WILDLIFE REFUGE,Silver Lake National Wildlife Refuge,NWR,Easement, ,385.7331923,0.000188836207590024,0.0532217954632602
5162,DEVILS LAKE WMD,SILVER LAKE NATIONAL WILDLIFE REFUGE,Silver Lake National Wildlife Refuge,NWR,Easement, ,162.92614772,7.97511757648415e-005,0.0436634030442599
5163,DEVILS LAKE WMD,SILVER LAKE NATIONAL WILDLIFE REFUGE,Silver Lake National Wildlife Refuge,NWR,Easement, ,200.03494845,9.7934875104103e-005,0.0433513871203801
5164,DEVILS LAKE WMD,SILVER LAKE NATIONAL WILDLIFE REFUGE,Silver Lake National Wildlife Refuge,NWR,Easement, ,238.91885017,0.00011693600849618,0.0469744580873878
5165,DEVILS LAKE WMD,SILVER LAKE NATIONAL WILDLIFE REFUGE,Silver Lake National Wildlife Refuge,NWR,Easement, ,161.92566712,7.9264849615913e-005,0.0362759933150914
5166,DEVILS LAKE WMD,SILVER LAKE NATIONAL WILDLIFE REFUGE,Silver Lake National Wildlife Refuge,NWR,Easement, ,319.19169014,0.000156411273715935,0.0614047970292236
5167,DEVILS LAKE WMD,SILVER LAKE NATIONAL WILDLIFE REFUGE,Silver Lake National Wildlife Refuge,NWR,Easement, ,318.69230762,0.000156134507293853,0.0576735198465405
5168,DEVILS LAKE WMD,SILVER LAKE NATIONAL WILDLIFE REFUGE,Silver Lake National Wildlife Refuge,NWR,Easement, ,159.07658096,7.7923305439121e-005,0.0360338650992045
5169,DEVILS LAKE WMD,SILVER LAKE NATIONAL WILDLIFE REFUGE,Silver Lake National Wildlife Refuge,NWR,Easement, ,235.48719058,0.000115326788105074,0.0507082645237848
5170,DEVILS LAKE WMD,SILVER LAKE NATIONAL WILDLIFE REFUGE,Silver Lake National Wildlife Refuge,NWR,Easement, ,85.07621259,4.16689365321265e-005,0.0259897729559442
5171,DEVILS LAKE WMD,SILVER LAKE NATIONAL WILDLIFE REFUGE,Silver Lake National Wildlife Refuge,NWR,Easement, ,159.9887988,7.8326935431731e-005,0.0360715622249815
5172,DEVILS LAKE WMD,SILVER LAKE NATIONAL WILDLIFE REFUGE,Silver Lake National Wildlife Refuge,NWR,Easement, ,120.87543831,5.91869697372905e-005,0.0362778733954771
5173,DEVILS LAKE WMD,SILVER LAKE NATIONAL WILDLIFE REFUGE,Silver Lake National Wildlife Refuge,NWR,Easement, ,119.36843966,5.8441444496717e-005,0.046449698854043
5174,DEVILS LAKE WMD,SILVER LAKE NATIONAL WILDLIFE REFUGE,Silver Lake National Wildlife Refuge,NWR,Easement, ,72.76957544,3.56186821747765e-005,0.0348609275628082
5175,DEVILS LAKE WMD,SILVER LAKE NATIONAL WILDLIFE REFUGE,Silver Lake National Wildlife Refuge,NWR,Easement, ,120.68165962,5.9086777318326e-005,0.0417840426666666
5176,DEVILS LAKE WMD,SILVER LAKE NATIONAL WILDLIFE REFUGE,Silver Lake National Wildlife Refuge,NWR,Easement, ,188.14017194,9.20917704030835e-005,0.0410877676496161
5177,DEVILS LAKE WMD,LAKE ALICE NATIONAL WILDLIFE REFUGE,Lake Alice National Wildlife Refuge,NWR,Owned, ,160.49151776,7.885238265265e-005,0.0362451279786494
5178,DEVILS LAKE WMD,LAKE ALICE NATIONAL WILDLIFE REFUGE,Lake Alice National Wildlife Refuge,NWR,Owned, ,159.29530136,7.82529775766005e-005,0.0360229887229876
5179,DEVILS LAKE WMD,LAKE ALICE NATIONAL WILDLIFE REFUGE,Lake Alice National Wildlife Refuge,NWR,Owned, ,2.77824703,1.3648021410835e-006,0.0150153935214984
5180,DEVILS LAKE WMD,LAKE ALICE NATIONAL WILDLIFE REFUGE,Lake Alice National Wildlife Refuge,NWR,Owned, ,162.34548899,7.97520410697755e-005,0.0364179834853615
5181,DEVILS LAKE WMD,LAKE ALICE NATIONAL WILDLIFE REFUGE,Lake Alice National Wildlife Refuge,NWR,Owned, ,158.45547352,7.7840353082014e-005,0.0360269747453434
5182,DEVILS LAKE WMD,LAKE ALICE NATIONAL WILDLIFE REFUGE,Lake Alice National Wildlife Refuge,NWR,Owned, ,157.07722092,7.7162726396969e-005,0.0358294315690277
5183,DEVILS LAKE WMD,LAKE ALICE NATIONAL WILDLIFE REFUGE,Lake Alice National Wildlife Refuge,NWR,Owned, ,2.85933991,1.404634103791e-006,0.0148136174579539
5184,DEVILS LAKE WMD,LAKE ALICE NATIONAL WILDLIFE REFUGE,Lake Alice National Wildlife Refuge,NWR,Owned, ,3.01928015,1.483242532234e-006,0.0049398953575206
5185,DEVILS LAKE WMD,LAKE ALICE NATIONAL WILDLIFE REFUGE,Lake Alice National Wildlife Refuge,NWR,Owned, ,1507.44662403,0.000740347973849561,0.234173940511479
5186,DEVILS LAKE WMD,LAKE ALICE NATIONAL WILDLIFE REFUGE,Lake Alice National Wildlife Refuge,NWR,Owned, ,0.52161035,2.56219706882e-007,0.0021769621363721
5187,DEVILS LAKE WMD,LAKE ALICE NATIONAL WILDLIFE REFUGE,Lake Alice National Wildlife Refuge,NWR,Owned, ,420.97435228,0.00020674471372298,0.0723616135464899
5188,DEVILS LAKE WMD,LAKE ALICE NATIONAL WILDLIFE REFUGE,Lake Alice National Wildlife Refuge,NWR,Owned, ,265.91626428,0.000130610815651856,0.0492647176281203
5189,DEVILS LAKE WMD,LAKE ALICE NATIONAL WILDLIFE REFUGE,Lake Alice National Wildlife Refuge,NWR,Owned, ,13.61880654,6.689079980061e-006,0.0213532739941261
5190,DEVILS LAKE WMD,LAKE ALICE NATIONAL WILDLIFE REFUGE,Lake Alice National Wildlife Refuge,NWR,Easement, ,3426.34111699,0.00168196465267085,0.193028383588928
5191,DEVILS LAKE WMD,LAKE ALICE NATIONAL WILDLIFE REFUGE,Lake Alice National Wildlife Refuge,NWR,Owned, ,367.29777842,0.000180376319900633,0.0695515240331031
5192,DEVILS LAKE WMD,LAKE ALICE NATIONAL WILDLIFE REFUGE,Lake Alice National Wildlife Refuge,NWR,Owned, ,4.86191038,2.3873548734575e-006,0.00980359551710466
5193,DEVILS LAKE WMD,LAKE ALICE NATIONAL WILDLIFE REFUGE,Lake Alice National Wildlife Refuge,NWR,Owned, ,156.24865036,7.6719456908776e-005,0.062539616354056
5194,DEVILS LAKE WMD,LAKE ALICE NATIONAL WILDLIFE REFUGE,Lake Alice National Wildlife Refuge,NWR,Owned, ,356.11987922,0.000174833123219765,0.0863534177780178
5195,DEVILS LAKE WMD,LAKE ALICE NATIONAL WILDLIFE REFUGE,Lake Alice National Wildlife Refuge,NWR,Owned, ,737.02865426,0.000361755936764623,0.105213455512017
5196,DEVILS LAKE WMD,LAKE ALICE NATIONAL WILDLIFE REFUGE,Lake Alice National Wildlife Refuge,NWR,Owned, ,777.53102466,0.000381605004852609,0.125395748473523
5197,DEVILS LAKE WMD,LAKE ALICE NATIONAL WILDLIFE REFUGE,Lake Alice National Wildlife Refuge,NWR,Owned, ,497.78556461,0.000244260243688305,0.109678938802991
5198,DEVILS LAKE WMD,LAKE ALICE NATIONAL WILDLIFE REFUGE,Lake Alice National Wildlife Refuge,NWR,Owned, ,42.0140084,2.0618792281784e-005,0.018375340859525
5199,DEVILS LAKE WMD,LAKE ALICE NATIONAL WILDLIFE REFUGE,Lake Alice National Wildlife Refuge,NWR,Owned, ,150.50499891,7.38488706674825e-005,0.0347035951071357
5200,DEVILS LAKE WMD,LAKE ALICE NATIONAL WILDLIFE REFUGE,Lake Alice National Wildlife Refuge,NWR,Owned, ,780.11619688,0.000382717029691104,0.0819192488218016
5201,DEVILS LAKE WMD,LAKE ALICE NATIONAL WILDLIFE REFUGE,Lake Alice National Wildlife Refuge,NWR,Owned, ,82.63267836,4.0540175104252e-005,0.0256783924028661
5202,DEVILS LAKE WMD,LAKE ALICE NATIONAL WILDLIFE REFUGE,Lake Alice National Wildlife Refuge,NWR,Owned, ,77.95084461,3.8243229033721e-005,0.0250436384643618
5203,DEVILS LAKE WMD,LAKE ALICE NATIONAL WILDLIFE REFUGE,Lake Alice National Wildlife Refuge,NWR,Owned, ,158.41331421,7.77184483373515e-005,0.0359748616625957
5204,DEVILS LAKE WMD,LAKE ALICE NATIONAL WILDLIFE REFUGE,Lake Alice National Wildlife Refuge,NWR,Owned, ,318.56600998,0.000156266496853604,0.0699165286690213
5205,DEVILS LAKE WMD,LAKE ALICE NATIONAL WILDLIFE REFUGE,Lake Alice National Wildlife Refuge,NWR,Owned, ,78.15762721,3.8339297703812e-005,0.0250838792499655
5206,DEVILS LAKE WMD,LAKE ALICE NATIONAL WILDLIFE REFUGE,Lake Alice National Wildlife Refuge,NWR,Owned, ,82.70214039,4.0568566744403e-005,0.0257010583752058
5207,DEVILS LAKE WMD,LAKE ALICE NATIONAL WILDLIFE REFUGE,Lake Alice National Wildlife Refuge,NWR,Owned, ,156.8044336,7.69077484894055e-005,0.0356947331774238
5208,DEVILS LAKE WMD,LAKE ALICE NATIONAL WILDLIFE REFUGE,Lake Alice National Wildlife Refuge,NWR,Owned, ,164.96532178,8.09104195205065e-005,0.0368078045142865
5209,DEVILS LAKE WMD,LAKE ALICE NATIONAL WILDLIFE REFUGE,Lake Alice National Wildlife Refuge,NWR,Owned, ,160.6144376,7.87771121468455e-005,0.0362245567117808
5210,DEVILS LAKE WMD,LAKE ALICE NATIONAL WILDLIFE REFUGE,Lake Alice National Wildlife Refuge,NWR,Owned, ,319.5331063,0.000156704633927052,0.0578397892458116
5211,DEVILS LAKE WMD,LAKE ALICE NATIONAL WILDLIFE REFUGE,Lake Alice National Wildlife Refuge,NWR,Owned, ,158.67817285,7.781575156578e-005,0.0360857621001644
5212,DEVILS LAKE WMD,BRUMBA NATIONAL WILDLIFE REFUGE,Brumba National Wildlife Refuge,NWR,Easement, ,159.516516,7.8894642843113e-005,0.0362953510924719
5213,DEVILS LAKE WMD,BRUMBA NATIONAL WILDLIFE REFUGE,Brumba National Wildlife Refuge,NWR,Easement, ,76.76172204,3.79927875996255e-005,0.0250012009537233
5214,DEVILS LAKE WMD,BRUMBA NATIONAL WILDLIFE REFUGE,Brumba National Wildlife Refuge,NWR,Easement, ,75.47078446,3.7353747698348e-005,0.0248042904524194
5215,DEVILS LAKE WMD,BRUMBA NATIONAL WILDLIFE REFUGE,Brumba National Wildlife Refuge,NWR,Easement, ,235.91098507,0.000116746505911042,0.0467650972907795
5216,DEVILS LAKE WMD,BRUMBA NATIONAL WILDLIFE REFUGE,Brumba National Wildlife Refuge,NWR,Easement, ,78.26001824,3.8728722151968e-005,0.0251685647131527
5217,DEVILS LAKE WMD,BRUMBA NATIONAL WILDLIFE REFUGE,Brumba National Wildlife Refuge,NWR,Easement, ,82.15704069,4.0651411544868e-005,0.0258048063249052
5218,DEVILS LAKE WMD,BRUMBA NATIONAL WILDLIFE REFUGE,Brumba National Wildlife Refuge,NWR,Easement,17B,160.06255914,7.91998965384215e-005,0.0363596298316448
5219,DEVILS LAKE WMD,BRUMBA NATIONAL WILDLIFE REFUGE,Brumba National Wildlife Refuge,NWR,Easement,17B,157.28783149,7.7826245112902e-005,0.0359159331154556
5220,DEVILS LAKE WMD,BRUMBA NATIONAL WILDLIFE REFUGE,Brumba National Wildlife Refuge,NWR,Easement,17B,82.06748316,4.0607119150266e-005,0.0257665412925618
5221,DEVILS LAKE WMD,BRUMBA NATIONAL WILDLIFE REFUGE,Brumba National Wildlife Refuge,NWR,Easement,17B,159.75869417,7.90375894484515e-005,0.036326124589994
5222,DEVILS LAKE WMD,BRUMBA NATIONAL WILDLIFE REFUGE,Brumba National Wildlife Refuge,NWR,Easement, ,159.19042555,7.8744608747585e-005,0.036266257635982
5223,DEVILS LAKE WMD,BRUMBA NATIONAL WILDLIFE REFUGE,Brumba National Wildlife Refuge,NWR,Easement,17B,235.86891777,0.0001166916357361,0.0467870485952342
5224,DEVILS LAKE WMD,BRUMBA NATIONAL WILDLIFE REFUGE,Brumba National Wildlife Refuge,NWR,Easement, ,157.24004978,7.778739790152e-005,0.0430691062797639
5225,DEVILS LAKE WMD,BRUMBA NATIONAL WILDLIFE REFUGE,Brumba National Wildlife Refuge,NWR,Easement, ,158.394307,7.8351456336176e-005,0.0361684465430554
5226,DEVILS LAKE WMD,ROCK LAKE NATIONAL WILDLIFE REFUGE,Rock Lake National Wildlife Refuge,NWR,Easement, ,307.94575344,0.000152751719262249,0.0497359576010145
5227,DEVILS LAKE WMD,ROCK LAKE NATIONAL WILDLIFE REFUGE,Rock Lake National Wildlife Refuge,NWR,Easement, ,259.20927936,0.000128418231564978,0.0586158135877414
5228,DEVILS LAKE WMD,ROCK LAKE NATIONAL WILDLIFE REFUGE,Rock Lake National Wildlife Refuge,NWR,Easement, ,209.05229334,0.000103701443374943,0.0448466894732581
5229,DEVILS LAKE WMD,ROCK LAKE NATIONAL WILDLIFE REFUGE,Rock Lake National Wildlife Refuge,NWR,Easement, ,32.76431598,1.6260260092142e-005,0.0673746329687304
5230,DEVILS LAKE WMD,ROCK LAKE NATIONAL WILDLIFE REFUGE,Rock Lake National Wildlife Refuge,NWR,Easement, ,718.83530699,0.000356261161253552,0.123514183157997
5231,DEVILS LAKE WMD,ROCK LAKE NATIONAL WILDLIFE REFUGE,Rock Lake National Wildlife Refuge,NWR,Easement, ,210.71409818,0.000104429170971396,0.0409614139539467
5232,DEVILS LAKE WMD,ROCK LAKE NATIONAL WILDLIFE REFUGE,Rock Lake National Wildlife Refuge,NWR,Easement, ,157.33135962,7.79703785236375e-005,0.0360908106347368
5233,DEVILS LAKE WMD,ROCK LAKE NATIONAL WILDLIFE REFUGE,Rock Lake National Wildlife Refuge,NWR,Easement, ,155.77004974,7.7208166136373e-005,0.0357681876077852
5234,DEVILS LAKE WMD,ROCK LAKE NATIONAL WILDLIFE REFUGE,Rock Lake National Wildlife Refuge,NWR,Easement, ,81.07016252,4.0184501193382e-005,0.0288454206589433
5235,DEVILS LAKE WMD,ROCK LAKE NATIONAL WILDLIFE REFUGE,Rock Lake National Wildlife Refuge,NWR,Easement, ,306.38181136,0.000151754658073215,0.0609474709976826
5236,DEVILS LAKE WMD,ROCK LAKE NATIONAL WILDLIFE REFUGE,Rock Lake National Wildlife Refuge,NWR,Easement, ,184.1197251,9.1170703042939e-005,0.046366642235313
5237,DEVILS LAKE WMD,ROCK LAKE NATIONAL WILDLIFE REFUGE,Rock Lake National Wildlife Refuge,NWR,Easement, ,147.84813732,7.31880434527605e-005,0.041619951702079
5238,DEVILS LAKE WMD,ROCK LAKE NATIONAL WILDLIFE REFUGE,Rock Lake National Wildlife Refuge,NWR,Easement, ,158.5287697,7.8484927330449e-005,0.03621660049615
5239,DEVILS LAKE WMD,ROCK LAKE NATIONAL WILDLIFE REFUGE,Rock Lake National Wildlife Refuge,NWR,Easement, ,145.90678658,7.2235938041837e-005,0.0498811737938704
5240,DEVILS LAKE WMD,ROCK LAKE NATIONAL WILDLIFE REFUGE,Rock Lake National Wildlife Refuge,NWR,Easement, ,119.7530452,5.9301214033495e-005,0.036342054312342
5241,DEVILS LAKE WMD,ROCK LAKE NATIONAL WILDLIFE REFUGE,Rock Lake National Wildlife Refuge,NWR,Easement, ,145.02322364,7.1819167113288e-005,0.0392095057414802
5242,DEVILS LAKE WMD,ROCK LAKE NATIONAL WILDLIFE REFUGE,Rock Lake National Wildlife Refuge,NWR,Easement, ,80.63786349,3.99381170749605e-005,0.0290779579034761
5243,DEVILS LAKE WMD,ROCK LAKE NATIONAL WILDLIFE REFUGE,Rock Lake National Wildlife Refuge,NWR,Easement, ,23.8245438,1.18004060873375e-005,0.0157366585909226
5244,DEVILS LAKE WMD,ROCK LAKE NATIONAL WILDLIFE REFUGE,Rock Lake National Wildlife Refuge,NWR,Easement, ,38.39781923,1.9018964018433e-005,0.0178844540353651
5245,DEVILS LAKE WMD,ROCK LAKE NATIONAL WILDLIFE REFUGE,Rock Lake National Wildlife Refuge,NWR,Easement, ,35.36880369,1.75186467147625e-005,0.0169371712898108
5246,DEVILS LAKE WMD,ROCK LAKE NATIONAL WILDLIFE REFUGE,Rock Lake National Wildlife Refuge,NWR,Easement, ,377.21791426,0.000186936219083518,0.0773337773273143
5247,DEVILS LAKE WMD,ROCK LAKE NATIONAL WILDLIFE REFUGE,Rock Lake National Wildlife Refuge,NWR,Easement, ,43.23167511,2.14224225466165e-005,0.0187308537575189
5248,DEVILS LAKE WMD,ROCK LAKE NATIONAL WILDLIFE REFUGE,Rock Lake National Wildlife Refuge,NWR,Easement, ,41.61585806,2.0621735646265e-005,0.0183195817635531
5249,DEVILS LAKE WMD,ROCK LAKE NATIONAL WILDLIFE REFUGE,Rock Lake National Wildlife Refuge,NWR,Easement, ,488.12924638,0.000241904708952078,0.0767698128877846
5250,DEVILS LAKE WMD,ROCK LAKE NATIONAL WILDLIFE REFUGE,Rock Lake National Wildlife Refuge,NWR,Easement, ,270.6589408,0.000134098660957837,0.0571306806733004
5251,DEVILS LAKE WMD,ROCK LAKE NATIONAL WILDLIFE REFUGE,Rock Lake National Wildlife Refuge,NWR,Easement, ,153.96344441,7.6288900624707e-005,0.0469038029317544
5252,DEVILS LAKE WMD,ROCK LAKE NATIONAL WILDLIFE REFUGE,Rock Lake National Wildlife Refuge,NWR,Easement, ,153.59144386,7.60927997497175e-005,0.0465097205961542
5253,DEVILS LAKE WMD,ROCK LAKE NATIONAL WILDLIFE REFUGE,Rock Lake National Wildlife Refuge,NWR,Easement, ,75.96883842,3.76364059185605e-005,0.0282450468441481
5254,DEVILS LAKE WMD,ROCK LAKE NATIONAL WILDLIFE REFUGE,Rock Lake National Wildlife Refuge,NWR,Easement, ,153.95419993,7.6263814494905e-005,0.0355516784264393
5255,DEVILS LAKE WMD,ROCK LAKE NATIONAL WILDLIFE REFUGE,Rock Lake National Wildlife Refuge,NWR,Easement, ,77.24117178,3.826263632812e-005,0.0250425661472273
5256,DEVILS LAKE WMD,ROCK LAKE NATIONAL WILDLIFE REFUGE,Rock Lake National Wildlife Refuge,NWR,Easement, ,14.93975422,7.4001143312385e-006,0.0135172607301776
5257,DEVILS LAKE WMD,SNYDER LAKE NATIONAL WILDLIFE REFUGE,Snyder Lake National Wildlife Refuge,NWR,Easement, ,601.13200313,0.000297204804192382,0.0793503180046919
5258,DEVILS LAKE WMD,SNYDER LAKE NATIONAL WILDLIFE REFUGE,Snyder Lake National Wildlife Refuge,NWR,Easement, ,320.9470248,0.000158574549964198,0.0653357590595379
5259,DEVILS LAKE WMD,SNYDER LAKE NATIONAL WILDLIFE REFUGE,Snyder Lake National Wildlife Refuge,NWR,Easement, ,135.84808697,6.71407160663065e-005,0.0520319412408677
5260,DEVILS LAKE WMD,SNYDER LAKE NATIONAL WILDLIFE REFUGE,Snyder Lake National Wildlife Refuge,NWR,Easement, ,319.75990076,0.000158073010529992,0.0507849408633044
5261,DEVILS LAKE WMD,SNYDER LAKE NATIONAL WILDLIFE REFUGE,Snyder Lake National Wildlife Refuge,NWR,Easement, ,161.57462223,7.98909603041655e-005,0.0365426408681081
5262,DEVILS LAKE WMD,SNYDER LAKE NATIONAL WILDLIFE REFUGE,Snyder Lake National Wildlife Refuge,NWR,Easement, ,25.18391785,1.2447307828371e-005,0.0156071085818861
5263,KULM WMD,DAKOTA LAKE NATIONAL WILDLIFE REFUGE,Dakota Lake National Wildlife Refuge,NWR,Easement,F,593.70975709,0.000278974659236496,0.26664476644709
5264,KULM WMD,DAKOTA LAKE NATIONAL WILDLIFE REFUGE,Dakota Lake National Wildlife Refuge,NWR,Easement,F,30.0459752,1.4132871909837e-005,0.0275538573537709
5265,KULM WMD,DAKOTA LAKE NATIONAL WILDLIFE REFUGE,Dakota Lake National Wildlife Refuge,NWR,Easement,F,397.82274497,0.000187102557713344,0.070244494210201
5266,KULM WMD,DAKOTA LAKE NATIONAL WILDLIFE REFUGE,Dakota Lake National Wildlife Refuge,NWR,Easement,F,317.80077563,0.000149430424778708,0.0567142253169859
5267,KULM WMD,DAKOTA LAKE NATIONAL WILDLIFE REFUGE,Dakota Lake National Wildlife Refuge,NWR,Easement,F,6.88397445,3.2369339489155e-006,0.00934339969134452
5073,SOURIS RIVER BASIN COMPLEX,SCHOOL SECTION LAKE NATIONAL WILDLIFE REFUGE,School Section Lake National Wildlife Refuge,NWR,Easement, ,314.66094292,0.000156314323400105,0.0782133279697289
5074,SOURIS RIVER BASIN COMPLEX,SCHOOL SECTION LAKE NATIONAL WILDLIFE REFUGE,School Section Lake National Wildlife Refuge,NWR,Easement, ,37.57793316,1.86702369248885e-005,0.0189346736220903
5075,AUDUBON COMPLEX,SHEYENNE LAKE NATIONAL WILDLIFE REFUGE,Sheyenne Lake National Wildlife Refuge,NWR,Easement, ,154.15314222,7.4750717552213e-005,0.0441135714756969
5076,AUDUBON COMPLEX,SHEYENNE LAKE NATIONAL WILDLIFE REFUGE,Sheyenne Lake National Wildlife Refuge,NWR,Easement, ,281.99945811,0.000136702040964291,0.0801017171838395
5077,AUDUBON COMPLEX,SHEYENNE LAKE NATIONAL WILDLIFE REFUGE,Sheyenne Lake National Wildlife Refuge,NWR,Easement, ,150.15949413,7.2806102563827e-005,0.0353090954002869
5078,AUDUBON COMPLEX,SHEYENNE LAKE NATIONAL WILDLIFE REFUGE,Sheyenne Lake National Wildlife Refuge,NWR,Easement, ,15.18497396,7.364028583636e-006,0.0183899259104751
5079,AUDUBON COMPLEX,SHEYENNE LAKE NATIONAL WILDLIFE REFUGE,Sheyenne Lake National Wildlife Refuge,NWR,Easement, ,67.92003409,3.29313859519705e-005,0.0259171343224744
5080,AUDUBON COMPLEX,SHEYENNE LAKE NATIONAL WILDLIFE REFUGE,Sheyenne Lake National Wildlife Refuge,NWR,Easement, ,17.23694454,8.3590278423595e-006,0.0150959287368655
5081,AUDUBON COMPLEX,SHEYENNE LAKE NATIONAL WILDLIFE REFUGE,Sheyenne Lake National Wildlife Refuge,NWR,Easement, ,90.77480222,4.4018992721998e-005,0.0331651199163051
5082,LONG LAKE WMD,SPRINGWATER NATIONAL WILDLIFE REFUGE,Springwater National Wildlife Refuge,NWR,Easement, ,484.24163408,0.000228817968383921,0.0710037078855153
5083,LONG LAKE WMD,SPRINGWATER NATIONAL WILDLIFE REFUGE,Springwater National Wildlife Refuge,NWR,Easement, ,162.39075547,7.6739172963237e-005,0.035656900735762
5084,VALLEY CITY WMD,STONEY SLOUGH NATIONAL WILDLIFE REFUGE,Stoney Slough National Wildlife Refuge,NWR,Easement, ,81.89729826,3.9008043140397e-005,0.0253139213600538
5085,VALLEY CITY WMD,STONEY SLOUGH NATIONAL WILDLIFE REFUGE,Stoney Slough National Wildlife Refuge,NWR,Easement, ,161.09290376,7.671968978619e-005,0.0356650236489761
5086,DEVILS LAKE WMD,PLEASANT LAKE NATIONAL WILDLIFE REFUGE,Pleasant Lake National Wildlife Refuge,NWR,Easement,17B,472.60652727,0.00023205069026776,0.0604968492810677
5087,DEVILS LAKE WMD,PLEASANT LAKE NATIONAL WILDLIFE REFUGE,Pleasant Lake National Wildlife Refuge,NWR,Easement, ,363.80673351,0.00017865121194696,0.0850234559919145
5088,LONG LAKE WMD,LONG LAKE NATIONAL WILDLIFE REFUGE,Long Lake National Wildlife Refuge,NWR,Easement,F,315.42815191,0.000149994294013986,0.0562793807569752
5089,LONG LAKE WMD,LAKE GEORGE NATIONAL WILDLIFE REFUGE,Lake George National Wildlife Refuge,NWR,Easement, ,1039.72057896,0.000495312738912557,0.113553251970994
5090,LONG LAKE WMD,LAKE GEORGE NATIONAL WILDLIFE REFUGE,Lake George National Wildlife Refuge,NWR,Easement, ,189.33103519,9.0156059016415e-005,0.0476184100958023
5091,LONG LAKE WMD,LAKE GEORGE NATIONAL WILDLIFE REFUGE,Lake George National Wildlife Refuge,NWR,Easement, ,271.39639074,0.00012923831457622,0.0641454479736695
5092,LONG LAKE WMD,LAKE GEORGE NATIONAL WILDLIFE REFUGE,Lake George National Wildlife Refuge,NWR,Easement, ,263.00352657,0.000125248436060229,0.0539195846374897
5093,LONG LAKE WMD,LAKE GEORGE NATIONAL WILDLIFE REFUGE,Lake George National Wildlife Refuge,NWR,Easement, ,581.08428502,0.0002768710364847,0.0827633931213755
5094,TEWAUKON WMD,TEWAUKON NATIONAL WILDLIFE REFUGE,Tewaukon National Wildlife Refuge,NWR,Easement, ,63.91411004,3.0049699872098e-005,0.030846993886202
5095,TEWAUKON WMD,TEWAUKON NATIONAL WILDLIFE REFUGE,Tewaukon National Wildlife Refuge,NWR,Easement, ,21.85852069,1.0276173495248e-005,0.0143718928613116
5096,TEWAUKON WMD,TEWAUKON NATIONAL WILDLIFE REFUGE,Tewaukon National Wildlife Refuge,NWR,Easement, ,82.53463406,3.8798913649002e-005,0.0304331012902386
5097,TEWAUKON WMD,STORM LAKE NATIONAL WILDLIFE REFUGE,Storm Lake National Wildlife Refuge,NWR,Easement, ,113.12188346,5.34135957531345e-005,0.0324535644358938
5098,TEWAUKON WMD,STORM LAKE NATIONAL WILDLIFE REFUGE,Storm Lake National Wildlife Refuge,NWR,Easement, ,0.50109832,2.3663387981e-007,0.00197880326604494
5099,TEWAUKON WMD,STORM LAKE NATIONAL WILDLIFE REFUGE,Storm Lake National Wildlife Refuge,NWR,Easement, ,244.83656729,0.000115607742055014,0.0730378924807789
5100,TEWAUKON WMD,STORM LAKE NATIONAL WILDLIFE REFUGE,Storm Lake National Wildlife Refuge,NWR,Easement, ,99.44368084,4.69487329042955e-005,0.0316896000207289
5101,TEWAUKON WMD,STORM LAKE NATIONAL WILDLIFE REFUGE,Storm Lake National Wildlife Refuge,NWR,Easement, ,18.32775773,8.6531410674845e-006,0.0145723956122022
5102,TEWAUKON WMD,STORM LAKE NATIONAL WILDLIFE REFUGE,Storm Lake National Wildlife Refuge,NWR,Easement, ,19.41375367,9.1659287399275e-006,0.0138150654696344
5103,TEWAUKON WMD,STORM LAKE NATIONAL WILDLIFE REFUGE,Storm Lake National Wildlife Refuge,NWR,Easement, ,3.98233944,1.8806452348505e-006,0.0149619028036699
5104,TEWAUKON WMD,STORM LAKE NATIONAL WILDLIFE REFUGE,Storm Lake National Wildlife Refuge,NWR,Easement, ,29.57913707,1.3967126185583e-005,0.0200556624113258
5105,TEWAUKON WMD,STORM LAKE NATIONAL WILDLIFE REFUGE,Storm Lake National Wildlife Refuge,NWR,Easement, ,5.1436157,2.4286309576675e-006,0.00700279248163538
5106,TEWAUKON WMD,STORM LAKE NATIONAL WILDLIFE REFUGE,Storm Lake National Wildlife Refuge,NWR,Easement, ,10.63153279,5.0202114695165e-006,0.0090442622927879
5107,TEWAUKON WMD,STORM LAKE NATIONAL WILDLIFE REFUGE,Storm Lake National Wildlife Refuge,NWR,Owned, ,2.34448279,1.107071278044e-006,0.0114372123508294
5108,TEWAUKON WMD,STORM LAKE NATIONAL WILDLIFE REFUGE,Storm Lake National Wildlife Refuge,NWR,Easement, ,2.38390513,1.125621201957e-006,0.00788736746568934
5109,TEWAUKON WMD,STORM LAKE NATIONAL WILDLIFE REFUGE,Storm Lake National Wildlife Refuge,NWR,Easement, ,6.35441803,3.0003964519695e-006,0.00816052288698649
5110,TEWAUKON WMD,STORM LAKE NATIONAL WILDLIFE REFUGE,Storm Lake National Wildlife Refuge,NWR,Easement, ,23.96741286,1.13158933117625e-005,0.015481797508289
4940,SOURIS RIVER BASIN COMPLEX,DES LACS NATIONAL WILDLIFE REFUGE,Des Lacs National Wildlife Refuge,NWR,Easement, ,1440.69679186,0.000712819913847399,0.265487612298462
4941,SOURIS RIVER BASIN COMPLEX,DES LACS NATIONAL WILDLIFE REFUGE,Des Lacs National Wildlife Refuge,NWR,Easement, ,68.28864514,3.39578972025455e-005,0.0449788766568511
4942,SOURIS RIVER BASIN COMPLEX,DES LACS NATIONAL WILDLIFE REFUGE,Des Lacs National Wildlife Refuge,NWR,Easement, ,0.69003133,3.431171387375e-007,0.00526921276081527
4943,SOURIS RIVER BASIN COMPLEX,DES LACS NATIONAL WILDLIFE REFUGE,Des Lacs National Wildlife Refuge,NWR,Easement, ,2239.5537277,0.00111172291939515,0.559755253249196
4944,SOURIS RIVER BASIN COMPLEX,DES LACS NATIONAL WILDLIFE REFUGE,Des Lacs National Wildlife Refuge,NWR,Easement, ,569.57783343,0.000281368534476381,0.0918386475491826
4945,SOURIS RIVER BASIN COMPLEX,DES LACS NATIONAL WILDLIFE REFUGE,Des Lacs National Wildlife Refuge,NWR,Easement, ,364.42428212,0.000179838985173991,0.0734709335640134
4946,LONG LAKE WMD,FLORENCE LAKE NATIONAL WILDLIFE REFUGE,Florence Lake National Wildlife Refuge,NWR,Easement, ,330.31288793,0.000158960737452938,0.0510728565503315
4947,LONG LAKE WMD,FLORENCE LAKE NATIONAL WILDLIFE REFUGE,Florence Lake National Wildlife Refuge,NWR,Easement, ,99.97763589,4.81117910904055e-005,0.0450174947807763
4948,CHASE LAKE WMD,HALF-WAY LAKE NATIONAL WILDLIFE REFUGE,Half-Way Lake National Wildlife Refuge,NWR,Easement, ,158.36174709,7.5574233159052e-005,0.0353761968098494
4949,ARROWWOOD COMPLEX,HOBART LAKE NATIONAL WILDLIFE REFUGE,Hobart Lake National Wildlife Refuge,NWR,Easement, ,201.79197445,9.6410721997359e-005,0.0491766978813594
4950,ARROWWOOD COMPLEX,HOBART LAKE NATIONAL WILDLIFE REFUGE,Hobart Lake National Wildlife Refuge,NWR,Easement, ,262.71397495,0.000125543276222022,0.0454328704082363
4951,ARROWWOOD COMPLEX,HOBART LAKE NATIONAL WILDLIFE REFUGE,Hobart Lake National Wildlife Refuge,NWR,Easement, ,700.46928803,0.000334763945592471,0.116446903444261
4952,ARROWWOOD COMPLEX,HOBART LAKE NATIONAL WILDLIFE REFUGE,Hobart Lake National Wildlife Refuge,NWR,Easement, ,18.10939211,8.65309429221e-006,0.02028144405931
4953,ARROWWOOD COMPLEX,HOBART LAKE NATIONAL WILDLIFE REFUGE,Hobart Lake National Wildlife Refuge,NWR,Easement, ,69.649731,3.3274723310551e-005,0.0335239828940053
4954,ARROWWOOD COMPLEX,HOBART LAKE NATIONAL WILDLIFE REFUGE,Hobart Lake National Wildlife Refuge,NWR,Easement, ,183.29208228,8.7567562814102e-005,0.0445817055499766
4955,ARROWWOOD COMPLEX,HOBART LAKE NATIONAL WILDLIFE REFUGE,Hobart Lake National Wildlife Refuge,NWR,Easement, ,137.63849021,6.57507939149615e-005,0.0548039601153255
4956,ARROWWOOD COMPLEX,HOBART LAKE NATIONAL WILDLIFE REFUGE,Hobart Lake National Wildlife Refuge,NWR,Easement, ,160.00466591,7.6433982600749e-005,0.0356601569388616
4957,ARROWWOOD COMPLEX,HOBART LAKE NATIONAL WILDLIFE REFUGE,Hobart Lake National Wildlife Refuge,NWR,Easement, ,26.48253364,1.2653021049059e-005,0.0437611371972587
4958,LONG LAKE WMD,HUTCHINSON LAKE NATIONAL WILDLIFE REFUGE,Hutchinson Lake National Wildlife Refuge,NWR,Easement, ,307.20912161,0.000147513266505144,0.0727833612410835
4959,LONG LAKE WMD,HUTCHINSON LAKE NATIONAL WILDLIFE REFUGE,Hutchinson Lake National Wildlife Refuge,NWR,Easement, ,153.91701637,7.3915317823876e-005,0.0457350968084247
4960,LONG LAKE WMD,HUTCHINSON LAKE NATIONAL WILDLIFE REFUGE,Hutchinson Lake National Wildlife Refuge,NWR,Easement, ,15.68938195,7.533294104955e-006,0.0231839733769221
4961,DEVILS LAKE WMD,KELLYS SLOUGH NATIONAL WILDLIFE REFUGE,Kellys Slough National Wildlife Refuge,NWR,Easement, ,0.57427255,2.800429073555e-007,0.0106994893366672
4962,DEVILS LAKE WMD,LAKE ALICE NATIONAL WILDLIFE REFUGE,Lake Alice National Wildlife Refuge,NWR,Easement, ,162.81808225,7.99947599086345e-005,0.0364593306322826
4963,AUDUBON COMPLEX,LAKE NETTIE NATIONAL WILDLIFE REFUGE,Lake Nettie National Wildlife Refuge,NWR,Easement, ,404.64832641,0.000195912413514755,0.0560054634525039
4964,AUDUBON COMPLEX,LAKE NETTIE NATIONAL WILDLIFE REFUGE,Lake Nettie National Wildlife Refuge,NWR,Easement, ,69.25007597,3.3526087783482e-005,0.0340970890415466
4965,AUDUBON COMPLEX,LAKE NETTIE NATIONAL WILDLIFE REFUGE,Lake Nettie National Wildlife Refuge,NWR,Easement, ,161.98877641,7.84140498889285e-005,0.0514238867123911
4966,AUDUBON COMPLEX,LAKE OTIS NATIONAL WILDLIFE REFUGE,Lake Otis National Wildlife Refuge,NWR,Easement,17B,320.61598225,0.000155808297052372,0.0504982273422799
4967,LOSTWOOD COMPLEX,LAKE ZAHL NATIONAL WILDLIFE REFUGE,Lake Zahl National Wildlife Refuge,NWR,Easement, ,75.31444675,3.7148536375867e-005,0.0249341625266916
4968,LOSTWOOD COMPLEX,LAKE ZAHL NATIONAL WILDLIFE REFUGE,Lake Zahl National Wildlife Refuge,NWR,Easement, ,74.24882417,3.66170699838815e-005,0.0306241735330693
4969,LOSTWOOD COMPLEX,LAKE ZAHL NATIONAL WILDLIFE REFUGE,Lake Zahl National Wildlife Refuge,NWR,Easement, ,151.73711987,7.4828257100094e-005,0.0466863480971034
4970,LOSTWOOD COMPLEX,LAKE ZAHL NATIONAL WILDLIFE REFUGE,Lake Zahl National Wildlife Refuge,NWR,Easement, ,39.97255272,1.9712818370515e-005,0.0181338410275672
4971,LOSTWOOD COMPLEX,LAKE ZAHL NATIONAL WILDLIFE REFUGE,Lake Zahl National Wildlife Refuge,NWR,Easement, ,2.98217153,1.4703894121105e-006,0.0145920797585308
4972,LOSTWOOD COMPLEX,LAKE ZAHL NATIONAL WILDLIFE REFUGE,Lake Zahl National Wildlife Refuge,NWR,Easement, ,156.99820321,7.74055716431305e-005,0.0390602808767165
4973,LOSTWOOD COMPLEX,LAKE ZAHL NATIONAL WILDLIFE REFUGE,Lake Zahl National Wildlife Refuge,NWR,Easement, ,158.2158503,7.7990355063267e-005,0.035976665934901
4974,LONG LAKE WMD,LONG LAKE NATIONAL WILDLIFE REFUGE,Long Lake National Wildlife Refuge,NWR,Easement, ,4813.510567,0.00229281074505102,0.263107381325688
4975,LONG LAKE WMD,LONG LAKE NATIONAL WILDLIFE REFUGE,Long Lake National Wildlife Refuge,NWR,Easement, ,640.48011416,0.000305016800792075,0.0711225939931028
4976,LONG LAKE WMD,LONG LAKE NATIONAL WILDLIFE REFUGE,Long Lake National Wildlife Refuge,NWR,Easement, ,3048.50427379,0.00145125521938471,0.288450276902696
4977,LONG LAKE WMD,LONG LAKE NATIONAL WILDLIFE REFUGE,Long Lake National Wildlife Refuge,NWR,Easement,17B,644.48015273,0.00030668054476426,0.0721380151737615
4978,AUDUBON COMPLEX,LOST LAKE NATIONAL WILDLIFE REFUGE,Lost Lake National Wildlife Refuge,NWR,Easement,XL,615.17483561,0.000295811875109037,0.0767463430547812
4979,AUDUBON COMPLEX,LOST LAKE NATIONAL WILDLIFE REFUGE,Lost Lake National Wildlife Refuge,NWR,Easement, ,160.04110004,7.6973779878448e-005,0.0357554686071349
4980,AUDUBON COMPLEX,LOST LAKE NATIONAL WILDLIFE REFUGE,Lost Lake National Wildlife Refuge,NWR,Easement,17B,111.28887219,5.3517440543117e-005,0.0540241118474452
4981,AUDUBON COMPLEX,LOST LAKE NATIONAL WILDLIFE REFUGE,Lost Lake National Wildlife Refuge,NWR,Easement,17B,74.99762843,3.60667583185805e-005,0.0325295736728838
4982,AUDUBON COMPLEX,MCLEAN NATIONAL WILDLIFE REFUGE,Mclean National Wildlife Refuge,NWR,Easement,17B,320.7900856,0.000155891359827949,0.0504831493943507
4983,SOURIS RIVER BASIN COMPLEX,RABB LAKE NATIONAL WILDLIFE REFUGE,Rabb Lake National Wildlife Refuge,NWR,Easement, ,256.06849426,0.000127331642699062,0.0587007838348215
4984,LOSTWOOD COMPLEX,SHELL LAKE NATIONAL WILDLIFE REFUGE,Shell Lake National Wildlife Refuge,NWR,Easement, ,77.23881622,3.7822452059481e-005,0.0285230001499008
4985,LOSTWOOD COMPLEX,SHELL LAKE NATIONAL WILDLIFE REFUGE,Shell Lake National Wildlife Refuge,NWR,Easement, ,538.75272596,0.000263694534870027,0.0857358025667298
4986,LOSTWOOD COMPLEX,SHELL LAKE NATIONAL WILDLIFE REFUGE,Shell Lake National Wildlife Refuge,NWR,Easement, ,25.68436523,1.25746152308885e-005,0.0182340473651154
4987,LOSTWOOD COMPLEX,SHELL LAKE NATIONAL WILDLIFE REFUGE,Shell Lake National Wildlife Refuge,NWR,Easement, ,76.41522178,3.7402118926232e-005,0.0248097014703349
4988,LOSTWOOD COMPLEX,SHELL LAKE NATIONAL WILDLIFE REFUGE,Shell Lake National Wildlife Refuge,NWR,Easement, ,144.74086108,7.0837290518044e-005,0.0491358887676266
4989,LOSTWOOD COMPLEX,SHELL LAKE NATIONAL WILDLIFE REFUGE,Shell Lake National Wildlife Refuge,NWR,Easement, ,38.83327732,1.90026891204585e-005,0.0177990725396824
4990,LOSTWOOD COMPLEX,SHELL LAKE NATIONAL WILDLIFE REFUGE,Shell Lake National Wildlife Refuge,NWR,Easement, ,139.02804667,6.8029889188891e-005,0.0368526302287297
4991,AUDUBON COMPLEX,STEWART LAKE NATIONAL WILDLIFE REFUGE,Stewart Lake National Wildlife Refuge,NWR,Easement, ,320.13572687,0.000151441330122696,0.0498780686936246
4992,AUDUBON COMPLEX,STEWART LAKE NATIONAL WILDLIFE REFUGE,Stewart Lake National Wildlife Refuge,NWR,Easement, ,303.41893463,0.000143533306211363,0.0487914384436958
4993,AUDUBON COMPLEX,STEWART LAKE NATIONAL WILDLIFE REFUGE,Stewart Lake National Wildlife Refuge,NWR,Easement, ,336.32154873,0.000159098085054019,0.050950662081313
4994,AUDUBON COMPLEX,STEWART LAKE NATIONAL WILDLIFE REFUGE,Stewart Lake National Wildlife Refuge,NWR,Easement, ,634.30564139,0.000299987050255279,0.0704805642800011
4995,TEWAUKON WMD,TEWAUKON NATIONAL WILDLIFE REFUGE,Tewaukon National Wildlife Refuge,NWR,Easement, ,36.52436424,1.71644718348375e-005,0.0168278272099632
4996,TEWAUKON WMD,TEWAUKON NATIONAL WILDLIFE REFUGE,Tewaukon National Wildlife Refuge,NWR,Easement, ,111.9868259,5.262755275291e-005,0.0371814787282145
4997,TEWAUKON WMD,TEWAUKON NATIONAL WILDLIFE REFUGE,Tewaukon National Wildlife Refuge,NWR,Easement, ,24.75608624,1.16338652234845e-005,0.0235913551920958
4998,TEWAUKON WMD,TEWAUKON NATIONAL WILDLIFE REFUGE,Tewaukon National Wildlife Refuge,NWR,Easement, ,18.68408619,8.780446235263e-006,0.0130255812598735
4999,VALLEY CITY WMD,TOMAHAWK NATIONAL WILDLIFE REFUGE,Tomahawk National Wildlife Refuge,NWR,Easement, ,160.85789924,7.71012515733685e-005,0.0395451990288224
5000,VALLEY CITY WMD,TOMAHAWK NATIONAL WILDLIFE REFUGE,Tomahawk National Wildlife Refuge,NWR,Easement, ,239.65965671,0.000114871700840215,0.0461925003974818
5001,VALLEY CITY WMD,TOMAHAWK NATIONAL WILDLIFE REFUGE,Tomahawk National Wildlife Refuge,NWR,Easement, ,37.86187573,1.8145897257208e-005,0.0173662806992438
5002,SOURIS RIVER BASIN COMPLEX,UPPER SOURIS NATIONAL WILDLIFE REFUGE,Upper Souris National Wildlife Refuge,NWR,Easement, ,39.42045897,1.9524835494176e-005,0.0180234714065234
5003,SOURIS RIVER BASIN COMPLEX,UPPER SOURIS NATIONAL WILDLIFE REFUGE,Upper Souris National Wildlife Refuge,NWR,Easement, ,2.6216349,1.2910790728205e-006,0.00698965057570185
5004,VALLEY CITY WMD,VALLEY CITY NATIONAL FISH HATCHERY,Valley City National Fish Hatchery,NFH,Easement,P,1.23704684,5.915887268605e-007,0.0120960401428905
5005,TEWAUKON WMD,WILD RICE LAKE NATIONAL WILDLIFE REFUGE,Wild Rice Lake National Wildlife Refuge,NWR,Easement, ,776.28242017,0.000365411077250088,0.0806270264882874
5006,SOURIS RIVER BASIN COMPLEX,WILLOW LAKE NATIONAL WILDLIFE REFUGE,Willow Lake National Wildlife Refuge,NWR,Easement, ,1063.04529551,0.000527877860158391,0.19295989625822
5007,SOURIS RIVER BASIN COMPLEX,WILLOW LAKE NATIONAL WILDLIFE REFUGE,Willow Lake National Wildlife Refuge,NWR,Easement, ,56.80770476,2.82009382070885e-005,0.030098220781872
5008,SOURIS RIVER BASIN COMPLEX,WILLOW LAKE NATIONAL WILDLIFE REFUGE,Willow Lake National Wildlife Refuge,NWR,Easement, ,80.09614807,3.97610501556185e-005,0.0294253406684986
5009,SOURIS RIVER BASIN COMPLEX,WILLOW LAKE NATIONAL WILDLIFE REFUGE,Willow Lake National Wildlife Refuge,NWR,Easement, ,79.14715233,3.92906639128305e-005,0.0287399081832859
5010,SOURIS RIVER BASIN COMPLEX,WILLOW LAKE NATIONAL WILDLIFE REFUGE,Willow Lake National Wildlife Refuge,NWR,Easement, ,174.47583102,8.66215509849715e-005,0.0452950895041691
5011,SOURIS RIVER BASIN COMPLEX,WILLOW LAKE NATIONAL WILDLIFE REFUGE,Willow Lake National Wildlife Refuge,NWR,Easement, ,58.20191299,2.8894829917079e-005,0.0309730877881774
5012,SOURIS RIVER BASIN COMPLEX,WILLOW LAKE NATIONAL WILDLIFE REFUGE,Willow Lake National Wildlife Refuge,NWR,Easement, ,172.12447495,8.5451081869016e-005,0.0670495000166983
5013,SOURIS RIVER BASIN COMPLEX,WILLOW LAKE NATIONAL WILDLIFE REFUGE,Willow Lake National Wildlife Refuge,NWR,Easement, ,115.32012557,5.7250799408975e-005,0.0316737874594251
5014,SOURIS RIVER BASIN COMPLEX,WILLOW LAKE NATIONAL WILDLIFE REFUGE,Willow Lake National Wildlife Refuge,NWR,Easement, ,147.24624445,7.31072631098465e-005,0.0489297176674894
5015,SOURIS RIVER BASIN COMPLEX,WILLOW LAKE NATIONAL WILDLIFE REFUGE,Willow Lake National Wildlife Refuge,NWR,Easement, ,3.0350163,1.5070231403815e-006,0.00734666463629836
5016,SOURIS RIVER BASIN COMPLEX,WILLOW LAKE NATIONAL WILDLIFE REFUGE,Willow Lake National Wildlife Refuge,NWR,Easement, ,156.81293579,7.78617417532955e-005,0.0551261379120939
5017,SOURIS RIVER BASIN COMPLEX,WILLOW LAKE NATIONAL WILDLIFE REFUGE,Willow Lake National Wildlife Refuge,NWR,Easement, ,22.80542376,1.13231218758735e-005,0.138606715045001
5018,SOURIS RIVER BASIN COMPLEX,WILLOW LAKE NATIONAL WILDLIFE REFUGE,Willow Lake National Wildlife Refuge,NWR,Easement, ,43.65059886,2.16717301949785e-005,0.0278948190682956
5019,SOURIS RIVER BASIN COMPLEX,WILLOW LAKE NATIONAL WILDLIFE REFUGE,Willow Lake National Wildlife Refuge,NWR,Easement, ,2.2106623,1.0977060088465e-006,0.00503257216233725
5020,SOURIS RIVER BASIN COMPLEX,WILLOW LAKE NATIONAL WILDLIFE REFUGE,Willow Lake National Wildlife Refuge,NWR,Easement, ,30.33854291,1.5069893024116e-005,0.0245274355491131
5021,SOURIS RIVER BASIN COMPLEX,WILLOW LAKE NATIONAL WILDLIFE REFUGE,Willow Lake National Wildlife Refuge,NWR,Easement, ,219.50292089,0.000109031087938553,0.0878445735108015
5022,SOURIS RIVER BASIN COMPLEX,WILLOW LAKE NATIONAL WILDLIFE REFUGE,Willow Lake National Wildlife Refuge,NWR,Easement, ,25.64204376,1.27357859689545e-005,0.0174019958362311
5023,SOURIS RIVER BASIN COMPLEX,WILLOW LAKE NATIONAL WILDLIFE REFUGE,Willow Lake National Wildlife Refuge,NWR,Easement, ,106.82563275,5.30516032858845e-005,0.073962357349201
5024,SOURIS RIVER BASIN COMPLEX,WILLOW LAKE NATIONAL WILDLIFE REFUGE,Willow Lake National Wildlife Refuge,NWR,Easement, ,14.31748594,7.1097451975745e-006,0.0215279982240983
5025,SOURIS RIVER BASIN COMPLEX,WILLOW LAKE NATIONAL WILDLIFE REFUGE,Willow Lake National Wildlife Refuge,NWR,Easement, ,4.49523207,2.2320975933315e-006,0.00658226077466437
5026,SOURIS RIVER BASIN COMPLEX,WINTERING RIVER NATIONAL WILDLIFE REFUGE,Wintering River National Wildlife Refuge,NWR,Easement, ,79.75961205,3.8848753405046e-005,0.0252772373646035
5027,SOURIS RIVER BASIN COMPLEX,WINTERING RIVER NATIONAL WILDLIFE REFUGE,Wintering River National Wildlife Refuge,NWR,Easement, ,159.17794274,7.7530590295364e-005,0.0360066628426298
5028,DEVILS LAKE WMD,WOOD LAKE NATIONAL WILDLIFE REFUGE,Wood Lake National Wildlife Refuge,NWR,Easement, ,283.11286748,0.000137850229728749,0.0507732365049985
5029,KULM WMD,MAPLE RIVER NATIONAL WILDLIFE REFUGE,Maple River National Wildlife Refuge,NWR,Easement, ,161.29492779,7.5926095528426e-005,0.0353466193236474
5030,KULM WMD,MAPLE RIVER NATIONAL WILDLIFE REFUGE,Maple River National Wildlife Refuge,NWR,Easement, ,325.0540529,0.000152961642553899,0.0501417073448674
5031,KULM WMD,MAPLE RIVER NATIONAL WILDLIFE REFUGE,Maple River National Wildlife Refuge,NWR,Easement, ,161.57795595,7.60291361135495e-005,0.0354611623968706
5032,KULM WMD,MAPLE RIVER NATIONAL WILDLIFE REFUGE,Maple River National Wildlife Refuge,NWR,Easement, ,74.64357884,3.51227904412745e-005,0.0241391632941542
5033,TEWAUKON WMD,TEWAUKON NATIONAL WILDLIFE REFUGE,Tewaukon National Wildlife Refuge,NWR,Easement, ,105.90152619,4.9772137174537e-005,0.039525366371282
5034,TEWAUKON WMD,TEWAUKON NATIONAL WILDLIFE REFUGE,Tewaukon National Wildlife Refuge,NWR,Easement, ,1019.79530912,0.000479309855313778,0.129455911640711
5035,AUDUBON COMPLEX,MCLEAN NATIONAL WILDLIFE REFUGE,Mclean National Wildlife Refuge,NWR,Easement, ,95.09281898,4.6208135310503e-005,0.0272226169787743
5036,AUDUBON COMPLEX,CAMP LAKE NATIONAL WILDLIFE REFUGE,Camp Lake National Wildlife Refuge,NWR,Easement, ,160.34400713,7.7830533521048e-005,0.0359696160307529
5037,AUDUBON COMPLEX,CAMP LAKE NATIONAL WILDLIFE REFUGE,Camp Lake National Wildlife Refuge,NWR,Easement, ,120.19420685,5.8353762663142e-005,0.0433454513733582
5038,AUDUBON COMPLEX,CAMP LAKE NATIONAL WILDLIFE REFUGE,Camp Lake National Wildlife Refuge,NWR,Easement, ,101.05275964,4.9058932254258e-005,0.032085660612689
5039,AUDUBON COMPLEX,CAMP LAKE NATIONAL WILDLIFE REFUGE,Camp Lake National Wildlife Refuge,NWR,Easement, ,79.09046701,3.8411456788176e-005,0.0246378162674554
5040,AUDUBON COMPLEX,CAMP LAKE NATIONAL WILDLIFE REFUGE,Camp Lake National Wildlife Refuge,NWR,Easement, ,4.58556523,2.2269220515885e-006,0.00644550440445188
5041,AUDUBON COMPLEX,CAMP LAKE NATIONAL WILDLIFE REFUGE,Camp Lake National Wildlife Refuge,NWR,Easement, ,120.85531037,5.8678195035374e-005,0.0443698555643896
5042,AUDUBON COMPLEX,HIDDENWOOD NATIONAL WILDLIFE REFUGE,Hiddenwood National Wildlife Refuge,NWR,Easement, ,286.55799184,0.000139344868874091,0.0519373527350953
5043,AUDUBON COMPLEX,HIDDENWOOD NATIONAL WILDLIFE REFUGE,Hiddenwood National Wildlife Refuge,NWR,Easement, ,65.88261749,3.20399276448875e-005,0.0308943365106933
5044,AUDUBON COMPLEX,HIDDENWOOD NATIONAL WILDLIFE REFUGE,Hiddenwood National Wildlife Refuge,NWR,Easement, ,94.18826729,4.5807206011698e-005,0.0484987132762361
5045,AUDUBON COMPLEX,HIDDENWOOD NATIONAL WILDLIFE REFUGE,Hiddenwood National Wildlife Refuge,NWR,Easement, ,37.32020202,1.81467516940335e-005,0.017251677811449
5046,AUDUBON COMPLEX,HIDDENWOOD NATIONAL WILDLIFE REFUGE,Hiddenwood National Wildlife Refuge,NWR,Easement, ,36.56829745,1.77811991629075e-005,0.0175041474795823
5047,AUDUBON COMPLEX,HIDDENWOOD NATIONAL WILDLIFE REFUGE,Hiddenwood National Wildlife Refuge,NWR,Easement, ,16.12011016,7.8388581121235e-006,0.0146856496969864
5048,AUDUBON COMPLEX,HIDDENWOOD NATIONAL WILDLIFE REFUGE,Hiddenwood National Wildlife Refuge,NWR,Easement, ,40.70302582,1.97927659668535e-005,0.0269271164252382
5049,LONG LAKE WMD,LAKE GEORGE NATIONAL WILDLIFE REFUGE,Lake George National Wildlife Refuge,NWR,Easement, ,321.35480166,0.000153035267212882,0.0500958696331237
5050,LONG LAKE WMD,LAKE GEORGE NATIONAL WILDLIFE REFUGE,Lake George National Wildlife Refuge,NWR,Easement, ,76.14240567,3.625314725205e-005,0.0248052988812997
5051,LONG LAKE WMD,LAKE GEORGE NATIONAL WILDLIFE REFUGE,Lake George National Wildlife Refuge,NWR,Easement, ,158.28090321,7.53605036698715e-005,0.0354062104996432
5052,LONG LAKE WMD,LAKE GEORGE NATIONAL WILDLIFE REFUGE,Lake George National Wildlife Refuge,NWR,Easement, ,114.33456639,5.44816131140645e-005,0.0321899606095084
5053,AUDUBON COMPLEX,LAKE PATRICIA NATIONAL WILDLIFE REFUGE,Lake Patricia National Wildlife Refuge,NWR,Easement, ,154.26542949,7.313043526835e-005,0.0346773225212265
5054,AUDUBON COMPLEX,LAKE PATRICIA NATIONAL WILDLIFE REFUGE,Lake Patricia National Wildlife Refuge,NWR,Easement, ,160.24684539,7.59559850178005e-005,0.0354672245726583
5055,AUDUBON COMPLEX,LAKE PATRICIA NATIONAL WILDLIFE REFUGE,Lake Patricia National Wildlife Refuge,NWR,Easement, ,160.34078325,7.60104773609e-005,0.03547962188184
5056,AUDUBON COMPLEX,LAKE PATRICIA NATIONAL WILDLIFE REFUGE,Lake Patricia National Wildlife Refuge,NWR,Easement, ,316.20454343,0.000149903475013655,0.0560017944662845
5057,AUDUBON COMPLEX,LAKE PATRICIA NATIONAL WILDLIFE REFUGE,Lake Patricia National Wildlife Refuge,NWR,Easement, ,10.15615575,4.8139150934645e-006,0.0438545324390952
5058,SOURIS RIVER BASIN COMPLEX,LORDS LAKE NATIONAL WILDLIFE REFUGE,Lords Lake National Wildlife Refuge,NWR,Easement, ,529.87673561,0.0002623774666857,0.0888002359852628
5059,SOURIS RIVER BASIN COMPLEX,LORDS LAKE NATIONAL WILDLIFE REFUGE,Lords Lake National Wildlife Refuge,NWR,Easement, ,200.79048697,9.94119669958525e-005,0.0436657494079981
5060,SOURIS RIVER BASIN COMPLEX,LORDS LAKE NATIONAL WILDLIFE REFUGE,Lords Lake National Wildlife Refuge,NWR,Easement, ,154.39405224,7.6440537429136e-005,0.0428292876146704
5061,SOURIS RIVER BASIN COMPLEX,LORDS LAKE NATIONAL WILDLIFE REFUGE,Lords Lake National Wildlife Refuge,NWR,Easement, ,179.31990773,8.87827384730465e-005,0.0633962050728175
5062,SOURIS RIVER BASIN COMPLEX,LORDS LAKE NATIONAL WILDLIFE REFUGE,Lords Lake National Wildlife Refuge,NWR,Easement, ,164.97030342,8.1685115363318e-005,0.0398317379734775
5063,SOURIS RIVER BASIN COMPLEX,LORDS LAKE NATIONAL WILDLIFE REFUGE,Lords Lake National Wildlife Refuge,NWR,Easement, ,201.38470461,9.9708027195413e-005,0.083122679159478
5064,SOURIS RIVER BASIN COMPLEX,LORDS LAKE NATIONAL WILDLIFE REFUGE,Lords Lake National Wildlife Refuge,NWR,Easement, ,93.6731993,4.63852853487935e-005,0.0484386013005143
5065,SOURIS RIVER BASIN COMPLEX,LORDS LAKE NATIONAL WILDLIFE REFUGE,Lords Lake National Wildlife Refuge,NWR,Easement, ,309.25512695,0.00015315675283802,0.0711299797011475
5066,SOURIS RIVER BASIN COMPLEX,LORDS LAKE NATIONAL WILDLIFE REFUGE,Lords Lake National Wildlife Refuge,NWR,Easement, ,33.99470684,1.6834684951642e-005,0.0208290747151927
5067,SOURIS RIVER BASIN COMPLEX,LORDS LAKE NATIONAL WILDLIFE REFUGE,Lords Lake National Wildlife Refuge,NWR,Easement, ,28.06122876,1.3895420027349e-005,0.0160615333774416
5068,DEVILS LAKE WMD,PLEASANT LAKE NATIONAL WILDLIFE REFUGE,Pleasant Lake National Wildlife Refuge,NWR,Easement,17B,24.58642702,1.20696437367135e-005,0.0157178005788052
5069,DEVILS LAKE WMD,PLEASANT LAKE NATIONAL WILDLIFE REFUGE,Pleasant Lake National Wildlife Refuge,NWR,Easement,17B,13.0189126,6.3913579676625e-006,0.0132356792897781
5070,AUDUBON COMPLEX,PRETTY ROCK NATIONAL WILDLIFE REFUGE,Pretty Rock National Wildlife Refuge,NWR,Easement,17B,633.23150312,0.000298989652874737,0.0702899150249093
5071,AUDUBON COMPLEX,PRETTY ROCK NATIONAL WILDLIFE REFUGE,Pretty Rock National Wildlife Refuge,NWR,Easement, ,153.33368673,7.238577133537e-005,0.0343851973479365
5072,DEVILS LAKE WMD,ROSE LAKE NATIONAL WILDLIFE REFUGE,Rose Lake National Wildlife Refuge,NWR,Easement, ,766.38481436,0.000373672997987713,0.108203941045178
4903,SOURIS RIVER BASIN COMPLEX,DES LACS NATIONAL WILDLIFE REFUGE,Des Lacs National Wildlife Refuge,NWR,Owned, ,10072.19220926,0.00498634180451844,2.13076990114175
4904,SOURIS RIVER BASIN COMPLEX,DES LACS NATIONAL WILDLIFE REFUGE,Des Lacs National Wildlife Refuge,NWR,Owned, ,4200.74895817,0.00208510427609686,0.73422493057547
4905,LOSTWOOD COMPLEX,LOSTWOOD NATIONAL WILDLIFE REFUGE,Lostwood National Wildlife Refuge,NWR,Owned, ,27331.59623201,0.0134870900960779,0.974445601071005
4906,LOSTWOOD COMPLEX,LAKE ZAHL NATIONAL WILDLIFE REFUGE,Lake Zahl National Wildlife Refuge,NWR,Owned, ,9.73531061,4.800578346022e-006,0.0229113645202431
4907,LOSTWOOD COMPLEX,LAKE ZAHL NATIONAL WILDLIFE REFUGE,Lake Zahl National Wildlife Refuge,NWR,Owned, ,6.39426064,3.151709282982e-006,0.0316007447705179
4908,LOSTWOOD COMPLEX,LAKE ZAHL NATIONAL WILDLIFE REFUGE,Lake Zahl National Wildlife Refuge,NWR,Owned, ,1.31474335,6.483216378635e-007,0.00826632058395879
4909,LOSTWOOD COMPLEX,LAKE ZAHL NATIONAL WILDLIFE REFUGE,Lake Zahl National Wildlife Refuge,NWR,Owned, ,1403.77903751,0.000692045817482002,0.134937524824546
4910,LOSTWOOD COMPLEX,LAKE ZAHL NATIONAL WILDLIFE REFUGE,Lake Zahl National Wildlife Refuge,NWR,Owned, ,1791.00215091,0.000883390421227162,0.217119276740113
4911,LONG LAKE WMD,APPERT LAKE NATIONAL WILDLIFE REFUGE,Appert Lake National Wildlife Refuge,NWR,Easement, ,337.71704449,0.00016003396009814,0.0571859582534902
4912,LONG LAKE WMD,APPERT LAKE NATIONAL WILDLIFE REFUGE,Appert Lake National Wildlife Refuge,NWR,Easement, ,85.68567044,4.0605297500089e-005,0.0287421261957058
4913,LONG LAKE WMD,APPERT LAKE NATIONAL WILDLIFE REFUGE,Appert Lake National Wildlife Refuge,NWR,Easement, ,249.37667745,0.000118160154055121,0.0433819413276054
4914,LONG LAKE WMD,APPERT LAKE NATIONAL WILDLIFE REFUGE,Appert Lake National Wildlife Refuge,NWR,Easement, ,76.76936812,3.63773018060565e-005,0.0279534931008411
4915,LONG LAKE WMD,APPERT LAKE NATIONAL WILDLIFE REFUGE,Appert Lake National Wildlife Refuge,NWR,Easement, ,4.88935159,2.316545128575e-006,0.0158109216744478
4916,LONG LAKE WMD,APPERT LAKE NATIONAL WILDLIFE REFUGE,Appert Lake National Wildlife Refuge,NWR,Easement, ,2.07024004,9.8088874937e-007,0.0153589397811698
4917,LONG LAKE WMD,APPERT LAKE NATIONAL WILDLIFE REFUGE,Appert Lake National Wildlife Refuge,NWR,Easement, ,152.51087018,7.226042901968e-005,0.0342879643466488
4918,KULM WMD,BONE HILL NATIONAL WILDLIFE REFUGE,Bone Hill National Wildlife Refuge,NWR,Easement, ,320.36817808,0.000152088674561262,0.0563724841537283
4919,KULM WMD,BONE HILL NATIONAL WILDLIFE REFUGE,Bone Hill National Wildlife Refuge,NWR,Easement, ,158.85673447,7.5404280797332e-005,0.0353405227728561
4920,KULM WMD,BONE HILL NATIONAL WILDLIFE REFUGE,Bone Hill National Wildlife Refuge,NWR,Easement, ,158.87565194,7.5413254122492e-005,0.0353633999900521
4921,SOURIS RIVER BASIN COMPLEX,BUFFALO LAKE NATIONAL WILDLIFE REFUGE,Buffalo Lake National Wildlife Refuge,NWR,Easement, ,82.84803766,4.0408946815805e-005,0.0347291548890469
4922,SOURIS RIVER BASIN COMPLEX,BUFFALO LAKE NATIONAL WILDLIFE REFUGE,Buffalo Lake National Wildlife Refuge,NWR,Easement, ,39.51366489,1.92745616287275e-005,0.0176742903464514
4923,SOURIS RIVER BASIN COMPLEX,BUFFALO LAKE NATIONAL WILDLIFE REFUGE,Buffalo Lake National Wildlife Refuge,NWR,Easement, ,485.95023601,0.000237007956051385,0.0924177234270247
4924,SOURIS RIVER BASIN COMPLEX,BUFFALO LAKE NATIONAL WILDLIFE REFUGE,Buffalo Lake National Wildlife Refuge,NWR,Easement, ,222.78055168,0.000108678956237353,0.042881820589452
4925,SOURIS RIVER BASIN COMPLEX,BUFFALO LAKE NATIONAL WILDLIFE REFUGE,Buffalo Lake National Wildlife Refuge,NWR,Easement, ,32.18727338,1.57018092190565e-005,0.0168065377695895
4926,SOURIS RIVER BASIN COMPLEX,BUFFALO LAKE NATIONAL WILDLIFE REFUGE,Buffalo Lake National Wildlife Refuge,NWR,Easement, ,143.30934403,6.9918831533025e-005,0.0528554497827253
4927,SOURIS RIVER BASIN COMPLEX,BUFFALO LAKE NATIONAL WILDLIFE REFUGE,Buffalo Lake National Wildlife Refuge,NWR,Easement, ,29.34192159,1.4315771101709e-005,0.0155309557070153
4928,SOURIS RIVER BASIN COMPLEX,BUFFALO LAKE NATIONAL WILDLIFE REFUGE,Buffalo Lake National Wildlife Refuge,NWR,Easement, ,512.74755722,0.000250140781145732,0.127695965247908
4929,LONG LAKE WMD,CANFIELD LAKE NATIONAL WILDLIFE REFUGE,Canfield Lake National Wildlife Refuge,NWR,Easement, ,206.97340516,9.9410057889241e-005,0.041939335257619
4930,SOURIS RIVER BASIN COMPLEX,COTTONWOOD LAKE NATIONAL WILDLIFE REFUGE,Cottonwood Lake National Wildlife Refuge,NWR,Easement, ,250.78152726,0.000122010036863148,0.067714407253805
4931,SOURIS RIVER BASIN COMPLEX,COTTONWOOD LAKE NATIONAL WILDLIFE REFUGE,Cottonwood Lake National Wildlife Refuge,NWR,Easement, ,79.12971023,3.8489249630021e-005,0.0285954420528223
4932,SOURIS RIVER BASIN COMPLEX,COTTONWOOD LAKE NATIONAL WILDLIFE REFUGE,Cottonwood Lake National Wildlife Refuge,NWR,Easement, ,157.88929091,7.6806373529319e-005,0.0464572385866708
4933,SOURIS RIVER BASIN COMPLEX,COTTONWOOD LAKE NATIONAL WILDLIFE REFUGE,Cottonwood Lake National Wildlife Refuge,NWR,Easement, ,117.7097313,5.7265640561354e-005,0.0356731654525837
4934,SOURIS RIVER BASIN COMPLEX,COTTONWOOD LAKE NATIONAL WILDLIFE REFUGE,Cottonwood Lake National Wildlife Refuge,NWR,Easement, ,157.0440923,7.6412331251588e-005,0.035634053113253
4935,SOURIS RIVER BASIN COMPLEX,COTTONWOOD LAKE NATIONAL WILDLIFE REFUGE,Cottonwood Lake National Wildlife Refuge,NWR,Easement, ,40.14944443,1.95333399774e-005,0.0180221621795846
4936,SOURIS RIVER BASIN COMPLEX,COTTONWOOD LAKE NATIONAL WILDLIFE REFUGE,Cottonwood Lake National Wildlife Refuge,NWR,Easement, ,222.94212038,0.000108478051249025,0.0517471360374644
4937,SOURIS RIVER BASIN COMPLEX,DES LACS NATIONAL WILDLIFE REFUGE,Des Lacs National Wildlife Refuge,NWR,Easement, ,0.64803168,3.211822403985e-007,0.0109667982187666
4938,SOURIS RIVER BASIN COMPLEX,DES LACS NATIONAL WILDLIFE REFUGE,Des Lacs National Wildlife Refuge,NWR,Easement, ,537.78999295,0.000266428568377816,0.121234487669338
4939,SOURIS RIVER BASIN COMPLEX,DES LACS NATIONAL WILDLIFE REFUGE,Des Lacs National Wildlife Refuge,NWR,Easement, ,1.02101397,5.05625227403e-007,0.0166951538092366
4767,AUDUBON COMPLEX,AUDUBON NATIONAL WILDLIFE REFUGE,Audubon National Wildlife Refuge,NWR,Secondary, ,14778.72896282,0.00715071015116271,0.552814803514866
4768,VALLEY CITY WMD,BALDHILL DAM NATIONAL FISH HATCHERY,Baldhill Dam National Fish Hatchery,NFH,Secondary, ,37.10523689,1.7770095379195e-005,0.0190756623060868
4769,SOURIS RIVER BASIN COMPLEX,BUFFALO LAKE NATIONAL WILDLIFE REFUGE,Buffalo Lake National Wildlife Refuge,NWR,Owned, ,22.05327232,1.0758200271378e-005,0.0141351207279356
4770,LONG LAKE WMD,CANFIELD LAKE NATIONAL WILDLIFE REFUGE,Canfield Lake National Wildlife Refuge,NWR,Owned, ,1.44925274,6.960379100265e-007,0.00561136015245193
4771,LONG LAKE WMD,CANFIELD LAKE NATIONAL WILDLIFE REFUGE,Canfield Lake National Wildlife Refuge,NWR,Owned, ,1.99355122,9.57450823868e-007,0.00476674553937624
4772,ARROWWOOD COMPLEX,CHASE LAKE NATIONAL WILDLIFE REFUGE,Chase Lake National Wildlife Refuge,NWR,Owned, ,4354.17662608,0.00208429734415723,0.221797678051759
4773,LONG LAKE WMD,FLORENCE LAKE NATIONAL WILDLIFE REFUGE,Florence Lake National Wildlife Refuge,NWR,Owned, ,1459.92815951,0.000702659338686708,0.218285240548069
4774,AUDUBON COMPLEX,GARRISON DAM NATIONAL FISH HATCHERY,Garrison Dam National Fish Hatchery,NFH,Owned, ,182.45484091,8.812393879166e-005,0.0627464130972326
4775,ARROWWOOD COMPLEX,HOBART LAKE NATIONAL WILDLIFE REFUGE,Hobart Lake National Wildlife Refuge,NWR,Owned, ,233.33377997,0.00011153491203371,0.042160980252585
4776,ARROWWOOD COMPLEX,HOBART LAKE NATIONAL WILDLIFE REFUGE,Hobart Lake National Wildlife Refuge,NWR,Owned, ,5.69084062,2.719907588326e-006,0.0100665035174325
4777,ARROWWOOD COMPLEX,HOBART LAKE NATIONAL WILDLIFE REFUGE,Hobart Lake National Wildlife Refuge,NWR,Owned, ,7.87612517,3.7640560375885e-006,0.0090486585138988
4778,DEVILS LAKE WMD,KELLYS SLOUGH NATIONAL WILDLIFE REFUGE,Kellys Slough National Wildlife Refuge,NWR,Owned, ,691.16284258,0.000336899788491292,0.161179152593926
4779,LONG LAKE WMD,LAKE GEORGE NATIONAL WILDLIFE REFUGE,Lake George National Wildlife Refuge,NWR,Owned, ,10.90694521,5.193595034684e-006,0.0112047095716863
4780,LONG LAKE WMD,LAKE GEORGE NATIONAL WILDLIFE REFUGE,Lake George National Wildlife Refuge,NWR,Owned, ,5.16153523,2.4579186020915e-006,0.00730137391253395
4781,LONG LAKE WMD,LAKE GEORGE NATIONAL WILDLIFE REFUGE,Lake George National Wildlife Refuge,NWR,Owned, ,15.72831428,7.4937589051305e-006,0.0139788634456409
4782,AUDUBON COMPLEX,LAKE ILO NATIONAL WILDLIFE REFUGE,Lake Ilo National Wildlife Refuge,NWR,Owned, ,163.68475305,7.88712504850625e-005,0.0361405090565017
4783,AUDUBON COMPLEX,LAKE ILO NATIONAL WILDLIFE REFUGE,Lake Ilo National Wildlife Refuge,NWR,Owned, ,9.29671904,4.479331210613e-006,0.0387542813958145
4784,AUDUBON COMPLEX,LAKE ILO NATIONAL WILDLIFE REFUGE,Lake Ilo National Wildlife Refuge,NWR,Owned, ,119.37741571,5.75138613905885e-005,0.0319445332710308
4785,AUDUBON COMPLEX,LAKE ILO NATIONAL WILDLIFE REFUGE,Lake Ilo National Wildlife Refuge,NWR,Owned, ,101.82337307,4.90576551083885e-005,0.0309542060136515
4786,AUDUBON COMPLEX,LAKE ILO NATIONAL WILDLIFE REFUGE,Lake Ilo National Wildlife Refuge,NWR,Owned, ,3.59521188,1.7322377925405e-006,0.0218342899153313
4787,AUDUBON COMPLEX,LAKE ILO NATIONAL WILDLIFE REFUGE,Lake Ilo National Wildlife Refuge,NWR,Owned, ,2.96866755,1.430357197968e-006,0.0214624670104522
4788,AUDUBON COMPLEX,LAKE ILO NATIONAL WILDLIFE REFUGE,Lake Ilo National Wildlife Refuge,NWR,Owned, ,331.95633339,0.000159919061958493,0.0627865809250671
4789,AUDUBON COMPLEX,LAKE ILO NATIONAL WILDLIFE REFUGE,Lake Ilo National Wildlife Refuge,NWR,Owned, ,185.3968598,8.9311530388885e-005,0.0392655814690659
4790,AUDUBON COMPLEX,LAKE ILO NATIONAL WILDLIFE REFUGE,Lake Ilo National Wildlife Refuge,NWR,Owned, ,40.67391866,1.95952613078545e-005,0.0180075697202724
4791,AUDUBON COMPLEX,LAKE ILO NATIONAL WILDLIFE REFUGE,Lake Ilo National Wildlife Refuge,NWR,Owned, ,9.74477616,4.69463024944e-006,0.00872872399032787
4792,AUDUBON COMPLEX,LAKE ILO NATIONAL WILDLIFE REFUGE,Lake Ilo National Wildlife Refuge,NWR,Owned, ,0.835831,4.02667927429e-007,0.00426123400165253
4793,AUDUBON COMPLEX,LAKE ILO NATIONAL WILDLIFE REFUGE,Lake Ilo National Wildlife Refuge,NWR,Owned, ,1.55999953,7.51544170021e-007,0.00462350998870531
4794,AUDUBON COMPLEX,LAKE ILO NATIONAL WILDLIFE REFUGE,Lake Ilo National Wildlife Refuge,NWR,Owned, ,0.76109055,3.666616664445e-007,0.00422159977780457
4795,AUDUBON COMPLEX,LAKE ILO NATIONAL WILDLIFE REFUGE,Lake Ilo National Wildlife Refuge,NWR,Owned, ,4.78279733,2.304151723784e-006,0.00623896701327152
4796,AUDUBON COMPLEX,LAKE ILO NATIONAL WILDLIFE REFUGE,Lake Ilo National Wildlife Refuge,NWR,Owned, ,1.61196285,7.765788978035e-007,0.0046438181553415
4797,AUDUBON COMPLEX,LAKE ILO NATIONAL WILDLIFE REFUGE,Lake Ilo National Wildlife Refuge,NWR,Owned, ,1.05927221,5.103129563625e-007,0.00436747974372967
4798,AUDUBON COMPLEX,LAKE ILO NATIONAL WILDLIFE REFUGE,Lake Ilo National Wildlife Refuge,NWR,Owned, ,2.40187375,1.1571224295385e-006,0.0050450116775033
4799,AUDUBON COMPLEX,LAKE ILO NATIONAL WILDLIFE REFUGE,Lake Ilo National Wildlife Refuge,NWR,Owned, ,0.7720884,3.719606276085e-007,0.0042325086038865
4800,AUDUBON COMPLEX,LAKE ILO NATIONAL WILDLIFE REFUGE,Lake Ilo National Wildlife Refuge,NWR,Owned, ,0.504416,2.43008935308e-007,0.0029264944337653
4801,AUDUBON COMPLEX,LAKE ILO NATIONAL WILDLIFE REFUGE,Lake Ilo National Wildlife Refuge,NWR,Owned, ,1.05532435,5.084136343685e-007,0.00334365569650773
4802,AUDUBON COMPLEX,LAKE ILO NATIONAL WILDLIFE REFUGE,Lake Ilo National Wildlife Refuge,NWR,Owned, ,6.95151704,3.348955799684e-006,0.00766378908042557
4803,AUDUBON COMPLEX,LAKE ILO NATIONAL WILDLIFE REFUGE,Lake Ilo National Wildlife Refuge,NWR,Owned, ,9.78454818,4.7137874745135e-006,0.0088745814896454
4804,AUDUBON COMPLEX,LAKE ILO NATIONAL WILDLIFE REFUGE,Lake Ilo National Wildlife Refuge,NWR,Owned, ,0.21425561,1.03218667173e-007,0.00155148677559223
4805,AUDUBON COMPLEX,LAKE ILO NATIONAL WILDLIFE REFUGE,Lake Ilo National Wildlife Refuge,NWR,Owned, ,0.16785992,8.0867032741e-008,0.00128899669772021
4806,AUDUBON COMPLEX,LAKE ILO NATIONAL WILDLIFE REFUGE,Lake Ilo National Wildlife Refuge,NWR,Owned, ,0.20287848,9.7737759336e-008,0.00136255338830582
4807,AUDUBON COMPLEX,LAKE ILO NATIONAL WILDLIFE REFUGE,Lake Ilo National Wildlife Refuge,NWR,Owned, ,0.19768003,9.5233075837e-008,0.00135454769940523
4808,AUDUBON COMPLEX,LAKE ILO NATIONAL WILDLIFE REFUGE,Lake Ilo National Wildlife Refuge,NWR,Owned, ,0.20043319,9.6559528609e-008,0.00153087808291264
4809,AUDUBON COMPLEX,LAKE ILO NATIONAL WILDLIFE REFUGE,Lake Ilo National Wildlife Refuge,NWR,Owned, ,0.19980104,9.6254929844e-008,0.00153113305693113
4810,AUDUBON COMPLEX,LAKE ILO NATIONAL WILDLIFE REFUGE,Lake Ilo National Wildlife Refuge,NWR,Owned, ,268.07553526,0.000129138302120339,0.0604103688081328
4811,AUDUBON COMPLEX,LAKE ILO NATIONAL WILDLIFE REFUGE,Lake Ilo National Wildlife Refuge,NWR,Owned, ,0.27773498,1.337988676825e-007,0.00170992071598236
4812,AUDUBON COMPLEX,LAKE ILO NATIONAL WILDLIFE REFUGE,Lake Ilo National Wildlife Refuge,NWR,Owned, ,0.09441369,4.5483691431e-008,0.00112220181678061
4813,AUDUBON COMPLEX,LAKE ILO NATIONAL WILDLIFE REFUGE,Lake Ilo National Wildlife Refuge,NWR,Owned, ,0.11560183,5.56908544175e-008,0.000972246142213488
4814,AUDUBON COMPLEX,LAKE ILO NATIONAL WILDLIFE REFUGE,Lake Ilo National Wildlife Refuge,NWR,Owned, ,0.33440189,1.610969879085e-007,0.00164743345030368
4815,AUDUBON COMPLEX,LAKE ILO NATIONAL WILDLIFE REFUGE,Lake Ilo National Wildlife Refuge,NWR,Owned, ,0.2239729,1.07898778331e-007,0.00152282865129773
4816,AUDUBON COMPLEX,LAKE ILO NATIONAL WILDLIFE REFUGE,Lake Ilo National Wildlife Refuge,NWR,Owned, ,0.14395799,6.9351843868e-008,0.00111336816863841
4817,AUDUBON COMPLEX,LAKE ILO NATIONAL WILDLIFE REFUGE,Lake Ilo National Wildlife Refuge,NWR,Owned, ,2.39805016,1.155261974074e-006,0.00526888973440231
4818,AUDUBON COMPLEX,LAKE ILO NATIONAL WILDLIFE REFUGE,Lake Ilo National Wildlife Refuge,NWR,Owned, ,137.26535685,6.6123701542321e-005,0.0436595227180864
4819,AUDUBON COMPLEX,LAKE ILO NATIONAL WILDLIFE REFUGE,Lake Ilo National Wildlife Refuge,NWR,Owned, ,617.05915785,0.000297224036821483,0.0918397708261123
4820,AUDUBON COMPLEX,LAKE ILO NATIONAL WILDLIFE REFUGE,Lake Ilo National Wildlife Refuge,NWR,Owned, ,2.80761363,1.352474699448e-006,0.00528666747557907
4821,AUDUBON COMPLEX,LAKE ILO NATIONAL WILDLIFE REFUGE,Lake Ilo National Wildlife Refuge,NWR,Owned, ,35.97158073,1.73277045456145e-005,0.0206389835408424
4822,AUDUBON COMPLEX,LAKE ILO NATIONAL WILDLIFE REFUGE,Lake Ilo National Wildlife Refuge,NWR,Owned, ,122.22053882,5.8868163927664e-005,0.0358194894800059
4823,AUDUBON COMPLEX,LAKE ILO NATIONAL WILDLIFE REFUGE,Lake Ilo National Wildlife Refuge,NWR,Owned, ,4.47869342,2.156994962756e-006,0.030734627507595
4824,AUDUBON COMPLEX,LAKE ILO NATIONAL WILDLIFE REFUGE,Lake Ilo National Wildlife Refuge,NWR,Owned, ,159.23537967,7.66968108781935e-005,0.0355542461906132
4825,AUDUBON COMPLEX,LAKE ILO NATIONAL WILDLIFE REFUGE,Lake Ilo National Wildlife Refuge,NWR,Owned, ,164.38509888,7.91762811219325e-005,0.0362834754883753
4826,AUDUBON COMPLEX,LAKE ILO NATIONAL WILDLIFE REFUGE,Lake Ilo National Wildlife Refuge,NWR,Owned, ,162.45089925,7.8243051013573e-005,0.0432320660141911
4827,AUDUBON COMPLEX,LAKE ILO NATIONAL WILDLIFE REFUGE,Lake Ilo National Wildlife Refuge,NWR,Owned, ,26.50187225,1.27650005149755e-005,0.0195751202551745
4828,AUDUBON COMPLEX,LAKE ILO NATIONAL WILDLIFE REFUGE,Lake Ilo National Wildlife Refuge,NWR,Owned, ,160.28941096,7.7195232340451e-005,0.043023219500864
4829,AUDUBON COMPLEX,LAKE ILO NATIONAL WILDLIFE REFUGE,Lake Ilo National Wildlife Refuge,NWR,Owned, ,158.76939312,7.64619193730935e-005,0.0355570379210747
4830,AUDUBON COMPLEX,LAKE ILO NATIONAL WILDLIFE REFUGE,Lake Ilo National Wildlife Refuge,NWR,Owned, ,211.01472284,0.000101626456106609,0.0867154034418893
4831,AUDUBON COMPLEX,LAKE ILO NATIONAL WILDLIFE REFUGE,Lake Ilo National Wildlife Refuge,NWR,Owned, ,102.9271813,4.95692955744555e-005,0.0604217807560293
4832,AUDUBON COMPLEX,LAKE ILO NATIONAL WILDLIFE REFUGE,Lake Ilo National Wildlife Refuge,NWR,Owned, ,4.52227224,2.1779929415895e-006,0.00749998896261966
4833,AUDUBON COMPLEX,LAKE ILO NATIONAL WILDLIFE REFUGE,Lake Ilo National Wildlife Refuge,NWR,Owned, ,157.92176365,7.6052913147292e-005,0.0355426777134807
4834,AUDUBON COMPLEX,LAKE ILO NATIONAL WILDLIFE REFUGE,Lake Ilo National Wildlife Refuge,NWR,Owned, ,3.58431754,1.726088887399e-006,0.00644686638527292
4835,AUDUBON COMPLEX,LAKE ILO NATIONAL WILDLIFE REFUGE,Lake Ilo National Wildlife Refuge,NWR,Owned, ,2.36129215,1.137006587322e-006,0.0148861276592395
4836,AUDUBON COMPLEX,LAKE ILO NATIONAL WILDLIFE REFUGE,Lake Ilo National Wildlife Refuge,NWR,Owned, ,162.4671063,7.82316551045125e-005,0.0361393604136375
4837,AUDUBON COMPLEX,LAKE ILO NATIONAL WILDLIFE REFUGE,Lake Ilo National Wildlife Refuge,NWR,Owned, ,142.76614085,6.8745155848247e-005,0.033385351081797
4838,AUDUBON COMPLEX,LAKE ILO NATIONAL WILDLIFE REFUGE,Lake Ilo National Wildlife Refuge,NWR,Owned, ,83.29117108,4.01080322456465e-005,0.0288699107370573
4839,AUDUBON COMPLEX,LAKE NETTIE NATIONAL WILDLIFE REFUGE,Lake Nettie National Wildlife Refuge,NWR,Owned, ,2424.49251972,0.0011739499726046,0.245153242277202
4840,AUDUBON COMPLEX,MCLEAN NATIONAL WILDLIFE REFUGE,Mclean National Wildlife Refuge,NWR,Owned, ,157.89360996,7.67347693197045e-005,0.0357446072849968
4841,AUDUBON COMPLEX,MCLEAN NATIONAL WILDLIFE REFUGE,Mclean National Wildlife Refuge,NWR,Owned, ,105.01966267,5.1030015236878e-005,0.0324692506623764
4842,AUDUBON COMPLEX,MCLEAN NATIONAL WILDLIFE REFUGE,Mclean National Wildlife Refuge,NWR,Owned, ,79.06235845,3.8414570391965e-005,0.0286247823180108
4843,DEVILS LAKE WMD,ROCK LAKE NATIONAL WILDLIFE REFUGE,Rock Lake National Wildlife Refuge,NWR,Owned, ,155.51613927,7.70700719195955e-005,0.0358022529842732
4844,LOSTWOOD COMPLEX,SHELL LAKE NATIONAL WILDLIFE REFUGE,Shell Lake National Wildlife Refuge,NWR,Owned, ,252.94219162,0.000123822790543758,0.0572805916559942
4845,LOSTWOOD COMPLEX,SHELL LAKE NATIONAL WILDLIFE REFUGE,Shell Lake National Wildlife Refuge,NWR,Owned, ,533.4275425,0.000261080721342697,0.0876204015373022
4846,LONG LAKE WMD,SLADE NATIONAL WILDLIFE REFUGE,Slade National Wildlife Refuge,NWR,Owned, ,2998.58135358,0.00143076534720696,0.157521712322728
4847,AUDUBON COMPLEX,STEWART LAKE NATIONAL WILDLIFE REFUGE,Stewart Lake National Wildlife Refuge,NWR,Owned, ,635.04148024,0.000300335216392428,0.0758070074781063
4848,AUDUBON COMPLEX,STEWART LAKE NATIONAL WILDLIFE REFUGE,Stewart Lake National Wildlife Refuge,NWR,Owned, ,2.78981375,1.319422747796e-006,0.00513845239968275
4849,DEVILS LAKE WMD,STUMP LAKE NATIONAL WILDLIFE REFUGE,Stump Lake National Wildlife Refuge,NWR,Owned, ,2.61430748,1.273022378848e-006,0.00685639280855004
4850,DEVILS LAKE WMD,STUMP LAKE NATIONAL WILDLIFE REFUGE,Stump Lake National Wildlife Refuge,NWR,Owned, ,11.55793761,5.6275055229295e-006,0.0115701815262909
4851,DEVILS LAKE WMD,STUMP LAKE NATIONAL WILDLIFE REFUGE,Stump Lake National Wildlife Refuge,NWR,Owned, ,6.92355888,3.3706575030315e-006,0.00924837644204578
4852,DEVILS LAKE WMD,STUMP LAKE NATIONAL WILDLIFE REFUGE,Stump Lake National Wildlife Refuge,NWR,Owned, ,5.77092935,2.8090689224435e-006,0.0075697582736168
4853,LONG LAKE WMD,SUNBURST LAKE NATIONAL WILDLIFE REFUGE,Sunburst Lake National Wildlife Refuge,NWR,Owned, ,328.47905195,0.000155401187593784,0.0506237607201616
4854,VALLEY CITY WMD,VALLEY CITY NATIONAL FISH HATCHERY,Valley City National Fish Hatchery,NFH,Owned, ,72.74947235,3.4794698670387e-005,0.0339379666008182
4855,AUDUBON COMPLEX,WHITE LAKE NATIONAL WILDLIFE REFUGE,White Lake National Wildlife Refuge,NWR,Owned, ,7.45866272,3.566906413378e-006,0.0736045506273796
4856,AUDUBON COMPLEX,WHITE LAKE NATIONAL WILDLIFE REFUGE,White Lake National Wildlife Refuge,NWR,Owned, ,5.81580371,2.726650122776e-006,0.0735560283999352
4857,AUDUBON COMPLEX,WHITE LAKE NATIONAL WILDLIFE REFUGE,White Lake National Wildlife Refuge,NWR,Owned, ,474.31878517,0.000224846754440474,0.0917607587593339
4858,AUDUBON COMPLEX,WHITE LAKE NATIONAL WILDLIFE REFUGE,White Lake National Wildlife Refuge,NWR,Owned, ,159.29589818,7.55191497470225e-005,0.0455932867771996
4859,AUDUBON COMPLEX,WHITE LAKE NATIONAL WILDLIFE REFUGE,White Lake National Wildlife Refuge,NWR,Owned, ,397.4155764,0.000188393394383028,0.0600765961020913
4860,TEWAUKON WMD,TEWAUKON NATIONAL WILDLIFE REFUGE,Tewaukon National Wildlife Refuge,NWR,Owned, ,4726.14961674,0.00222148504033556,0.510637211001404
4861,TEWAUKON WMD,TEWAUKON NATIONAL WILDLIFE REFUGE,Tewaukon National Wildlife Refuge,NWR,Owned, ,10.64006437,5.002675710708e-006,0.0248609802725329
4862,TEWAUKON WMD,TEWAUKON NATIONAL WILDLIFE REFUGE,Tewaukon National Wildlife Refuge,NWR,Owned, ,307.08195958,0.000144372314926192,0.0697620502378475
4863,TEWAUKON WMD,TEWAUKON NATIONAL WILDLIFE REFUGE,Tewaukon National Wildlife Refuge,NWR,Owned, ,3.66960652,1.725899741184e-006,0.0149168345653687
4864,TEWAUKON WMD,TEWAUKON NATIONAL WILDLIFE REFUGE,Tewaukon National Wildlife Refuge,NWR,Owned, ,1962.17974853,0.000922754186326246,0.247120019526483
4865,LONG LAKE WMD,LONG LAKE NATIONAL WILDLIFE REFUGE,Long Lake National Wildlife Refuge,NWR,Owned, ,0.05253421,2.4985537494e-008,0.000799263008808676
4866,LONG LAKE WMD,LONG LAKE NATIONAL WILDLIFE REFUGE,Long Lake National Wildlife Refuge,NWR,Owned, ,37.50674761,1.78481344564975e-005,0.0216019998007514
4867,LONG LAKE WMD,LONG LAKE NATIONAL WILDLIFE REFUGE,Long Lake National Wildlife Refuge,NWR,Owned, ,49.15683825,2.3401822648642e-005,0.025778650229558
4868,LONG LAKE WMD,LONG LAKE NATIONAL WILDLIFE REFUGE,Long Lake National Wildlife Refuge,NWR,Owned, ,325.12522103,0.00015479032361356,0.0591807629336802
4869,LONG LAKE WMD,LONG LAKE NATIONAL WILDLIFE REFUGE,Long Lake National Wildlife Refuge,NWR,Owned, ,122.21990408,5.81816574077395e-005,0.0410091669191579
4870,LONG LAKE WMD,LONG LAKE NATIONAL WILDLIFE REFUGE,Long Lake National Wildlife Refuge,NWR,Owned, ,6953.24571336,0.00330812871413167,0.500530590731945
4871,LONG LAKE WMD,LONG LAKE NATIONAL WILDLIFE REFUGE,Long Lake National Wildlife Refuge,NWR,Owned, ,2745.45241865,0.0013075843822291,0.258608956010999
4872,LONG LAKE WMD,LONG LAKE NATIONAL WILDLIFE REFUGE,Long Lake National Wildlife Refuge,NWR,Owned, ,3657.02563631,0.00174218351685845,0.57706564099853
4873,DEVILS LAKE WMD,SULLYS HILL NATIONAL GAME PRESERVE,Sullys Hill National Game Preserve,NWR,Owned, ,683.42405565,0.000333126404671647,0.112019136003906
4874,DEVILS LAKE WMD,SULLYS HILL NATIONAL GAME PRESERVE,Sullys Hill National Game Preserve,NWR,Owned, ,946.57382531,0.000461572321297737,0.102490041444033
4875,SOURIS RIVER BASIN COMPLEX,J. CLARK SALYER NATIONAL WILDLIFE REFUGE,J. Clark Salyer National Wildlife Refuge,NWR,Owned, ,40.13234791,1.9803729848364e-005,0.0182046408275241
4876,SOURIS RIVER BASIN COMPLEX,J. CLARK SALYER NATIONAL WILDLIFE REFUGE,J. Clark Salyer National Wildlife Refuge,NWR,Owned, ,0.83236383,4.11078684968e-007,0.00328083925662845
4877,SOURIS RIVER BASIN COMPLEX,J. CLARK SALYER NATIONAL WILDLIFE REFUGE,J. Clark Salyer National Wildlife Refuge,NWR,Owned, ,7.00549208,3.460341127634e-006,0.00949551272267572
4878,SOURIS RIVER BASIN COMPLEX,J. CLARK SALYER NATIONAL WILDLIFE REFUGE,J. Clark Salyer National Wildlife Refuge,NWR,Owned, ,53417.99209471,0.026365119887654,2.23473372139785
4879,SOURIS RIVER BASIN COMPLEX,J. CLARK SALYER NATIONAL WILDLIFE REFUGE,J. Clark Salyer National Wildlife Refuge,NWR,Owned, ,0.7206943,3.57870158752e-007,0.00245008469475292
4880,SOURIS RIVER BASIN COMPLEX,J. CLARK SALYER NATIONAL WILDLIFE REFUGE,J. Clark Salyer National Wildlife Refuge,NWR,Owned, ,5858.76377113,0.00291067941726252,0.415403589937104
4881,SOURIS RIVER BASIN COMPLEX,UPPER SOURIS NATIONAL WILDLIFE REFUGE,Upper Souris National Wildlife Refuge,NWR,Owned, ,21397.31317319,0.0105383166987126,1.17824117213515
4882,SOURIS RIVER BASIN COMPLEX,UPPER SOURIS NATIONAL WILDLIFE REFUGE,Upper Souris National Wildlife Refuge,NWR,Owned, ,38.46232449,1.9007235928881e-005,0.0213659247357503
4883,SOURIS RIVER BASIN COMPLEX,UPPER SOURIS NATIONAL WILDLIFE REFUGE,Upper Souris National Wildlife Refuge,NWR,Owned, ,4.17462328,2.063518955137e-006,0.00715957274432422
4884,SOURIS RIVER BASIN COMPLEX,UPPER SOURIS NATIONAL WILDLIFE REFUGE,Upper Souris National Wildlife Refuge,NWR,Owned, ,33.92961557,1.677665832681e-005,0.0179503187007522
4885,SOURIS RIVER BASIN COMPLEX,UPPER SOURIS NATIONAL WILDLIFE REFUGE,Upper Souris National Wildlife Refuge,NWR,Owned, ,8.6670937,4.2882251522675e-006,0.0269336013599823
4886,SOURIS RIVER BASIN COMPLEX,UPPER SOURIS NATIONAL WILDLIFE REFUGE,Upper Souris National Wildlife Refuge,NWR,Owned, ,0.97111756,4.80701374479e-007,0.00337439453959168
4887,SOURIS RIVER BASIN COMPLEX,UPPER SOURIS NATIONAL WILDLIFE REFUGE,Upper Souris National Wildlife Refuge,NWR,Owned, ,0.97906626,4.84636151548e-007,0.00340418647618467
4888,SOURIS RIVER BASIN COMPLEX,UPPER SOURIS NATIONAL WILDLIFE REFUGE,Upper Souris National Wildlife Refuge,NWR,Owned, ,0.45710763,2.2626922167e-007,0.00197080027730577
4889,SOURIS RIVER BASIN COMPLEX,UPPER SOURIS NATIONAL WILDLIFE REFUGE,Upper Souris National Wildlife Refuge,NWR,Owned, ,0.43216599,2.139235227275e-007,0.00189892392686934
4890,SOURIS RIVER BASIN COMPLEX,UPPER SOURIS NATIONAL WILDLIFE REFUGE,Upper Souris National Wildlife Refuge,NWR,Owned, ,0.48388063,2.39522134789e-007,0.00203345149262925
4891,SOURIS RIVER BASIN COMPLEX,UPPER SOURIS NATIONAL WILDLIFE REFUGE,Upper Souris National Wildlife Refuge,NWR,Owned, ,0.46051596,2.279561574315e-007,0.00196314547788912
4892,SOURIS RIVER BASIN COMPLEX,UPPER SOURIS NATIONAL WILDLIFE REFUGE,Upper Souris National Wildlife Refuge,NWR,Owned, ,0.50370355,2.49334193409e-007,0.00207625346503241
4893,SOURIS RIVER BASIN COMPLEX,UPPER SOURIS NATIONAL WILDLIFE REFUGE,Upper Souris National Wildlife Refuge,NWR,Owned, ,1.08568185,5.37423941379e-007,0.00297317467920598
4894,SOURIS RIVER BASIN COMPLEX,UPPER SOURIS NATIONAL WILDLIFE REFUGE,Upper Souris National Wildlife Refuge,NWR,Owned, ,1.00063372,4.953241165335e-007,0.00287223426875965
4895,SOURIS RIVER BASIN COMPLEX,UPPER SOURIS NATIONAL WILDLIFE REFUGE,Upper Souris National Wildlife Refuge,NWR,Owned, ,1.11627041,5.525653622025e-007,0.00300312603529563
4896,SOURIS RIVER BASIN COMPLEX,UPPER SOURIS NATIONAL WILDLIFE REFUGE,Upper Souris National Wildlife Refuge,NWR,Owned, ,1.0541617,5.2182105298e-007,0.00292888311135754
4897,SOURIS RIVER BASIN COMPLEX,UPPER SOURIS NATIONAL WILDLIFE REFUGE,Upper Souris National Wildlife Refuge,NWR,Owned, ,1.12719964,5.5797525662e-007,0.00301369033583697
4898,SOURIS RIVER BASIN COMPLEX,UPPER SOURIS NATIONAL WILDLIFE REFUGE,Upper Souris National Wildlife Refuge,NWR,Owned, ,9427.66513992,0.00466323317129816,0.721892203575604
4899,SOURIS RIVER BASIN COMPLEX,UPPER SOURIS NATIONAL WILDLIFE REFUGE,Upper Souris National Wildlife Refuge,NWR,Owned, ,1295.88205942,0.000641979651026475,0.146843490982886
4900,SOURIS RIVER BASIN COMPLEX,DES LACS NATIONAL WILDLIFE REFUGE,Des Lacs National Wildlife Refuge,NWR,Owned, ,7.41927791,3.6599492189615e-006,0.00750668578942164
4901,SOURIS RIVER BASIN COMPLEX,DES LACS NATIONAL WILDLIFE REFUGE,Des Lacs National Wildlife Refuge,NWR,Owned, ,9.57770791,4.734777416198e-006,0.0128244181704895
4902,SOURIS RIVER BASIN COMPLEX,DES LACS NATIONAL WILDLIFE REFUGE,Des Lacs National Wildlife Refuge,NWR,Owned, ,86.12544212,4.2586408838851e-005,0.0447787388978867
